,Zone,Group,CardCode,CardName,Payment Terms,CreditLine,Total Balance,Total Invoice,SALE,Recovery,Open Invoice,Credit Utilization Ratio,Recovery Rate,Open Invoice Ratio,sales_to_invoice_ratio,balance_to_credit_ratio
0,Center I,Dealer,C001464,10-Trading,45 Days,610000.0,159880.2,11.0,592579.4,432699.2,159880.2,0.2620986885245902,0.7301961559919228,0.2698038440080772,53870.854545454546,0.2620986885245902
1,Center I,Dealer,C001439,BF biosciences -lhr,45 Days,500000.0,0.0,0.0,0.0,0.0,0.0,0.0,0.0,0.0,0.0,0.0
2,Center I,Dealer,C001488,Chemwest Traders & Medical supplies-lhr,Cash,0.0,0.0,0.0,0.0,0.0,0.0,0.0,0.0,0.0,0.0,0.0
3,Center I,Dealer,C001225,DARSON TRADERS-lhr,45 Days,180000.0,0.0,1.0,163135.0,163135.0,0.0,0.0,1.0,0.0,163135.0,0.0
4,Center I,Dealer,C001765,Diazone -lhr,45 Days,500000.0,0.0,2.0,464035.0,464035.0,0.0,0.0,1.0,0.0,232017.5,0.0
5,Center I,Dealer,C000982,Genome Marketing Services-Lahore,45 Days,4900000.0,963789.16,14.0,1852745.52,888956.36,963789.16,0.19669166530612245,0.47980488977244967,0.5201951102275503,132338.9657142857,0.19669166530612245
6,Center I,Dealer,C001412,Hoora Pharma -khi,45 Days,1500000.0,1326200.002,10.0,2971400.002,1645200.0,1326200.002,0.8841333346666668,0.5536784003811817,0.4463215996188184,297140.0002,0.8841333346666668
7,Center I,Dealer,C001666,Ibrahim enterprises-lhr,Cash,300000.0,112215.92,0.0,0.0,0.0,0.0,0.37405306666666666,0.0,0.0,0.0,0.37405306666666666
8,Center I,Dealer,C001354,Khawaja muhammad Safdar Medical college-SLT,45 Days,2900000.0,650000.0,1.0,200000.0,0.0,200000.0,0.22413793103448276,0.0,1.0,200000.0,0.22413793103448276
9,Center I,Dealer,C000921,Mediurge (Private) Limited -lhr,Cash,0.0,1470000.0,0.0,0.0,0.0,0.0,0.0,0.0,0.0,0.0,0.0
10,Center I,Dealer,C000299,Moderate System Technologies - Lahore,45 Days,243147.0,472000.0,2.0,872000.0,400000.0,472000.0,1.9412125175305475,0.45871559633027525,0.5412844036697247,436000.0,1.9412125175305475
11,Center I,Dealer,C001584,Muhammad Zahid Tahir-lhr,45 Days,1350000.0,106554.0,4.0,222654.0,116100.0,106554.0,0.0789288888888889,0.5214368482039398,0.47856315179606024,55663.5,0.0789288888888889
12,Center I,Dealer,C001601,Scientific Technical Corporation(Pvt) LTD-lhr,45 Days,8000000.0,95639.0,1.0,95639.0,0.0,95639.0,0.011954875,0.0,1.0,95639.0,0.011954875
13,Center I,Institutions,C001276,Allied Hospital-FSB,90 Days,400000.0,0.0,0.0,0.0,0.0,0.0,0.0,0.0,0.0,0.0,0.0
14,Center I,Institutions,C000052,CEMB - Lahore,90 Days,500000.0,0.0,0.0,0.0,0.0,0.0,0.0,0.0,0.0,0.0,0.0
15,Center I,Institutions,C000055,Children Hospital-Lahore,90 Days,25000000.0,18187961.833,6.0,14519687.844,0.0,14519687.844,0.72751847332,0.0,1.0,2419947.974,0.72751847332
16,Center I,Institutions,C000272,CMH - Gujranwala,90 Days,3200000.0,259308.894,3.0,1795709.878,1536400.984,259308.894,0.081034029375,0.8555953290802134,0.1444046709197865,598569.9593333333,0.081034029375
17,Center I,Institutions,C000383,CMH - Kharian,90 Days,10000000.0,1915270.99,5.0,12704062.238,10234276.898,2469785.34,0.191527099,0.8055908973263328,0.19440910267366718,2540812.4476,0.191527099
18,Center I,Institutions,C000062,CMH - Lahore,90 Days,150000000.0,0.0,3.0,32068266.002,32068266.002,0.0,0.0,1.0,0.0,10689422.000666667,0.0
19,Center I,Institutions,C000352,CMH - Okara,90 Days,11000000.0,696436.0,5.0,6023719.0,5327283.0,696436.0,0.06331236363636364,0.8843843811439411,0.11561561885605885,1204743.8,0.06331236363636364
20,Center I,Institutions,C000065,CMH - Sargodha,90 Days,3000000.0,0.0,2.0,1526609.0,1526609.0,0.0,0.0,1.0,0.0,763304.5,0.0
21,Center I,Institutions,C000066,CMH - Sialkot,90 Days,10000000.0,152220.0,8.0,8477969.996,8325749.996,152220.0,0.015222,0.9820452301586561,0.017954769841343986,1059746.2495,0.015222
22,Center I,Institutions,C000449,DG Health Punjab,90 Days,300100000.0,0.0,0.0,0.0,0.0,0.0,0.0,0.0,0.0,0.0,0.0
23,Center I,Institutions,C001721,Drug Testing Lab - Faisalabad,90 Days,0.0,0.0,0.0,0.0,0.0,0.0,0.0,0.0,0.0,0.0,0.0
24,Center I,Institutions,C000697,Faisalabad Institute of Cardiology,90 Days,5000000.0,0.0,0.0,0.0,0.0,0.0,0.0,0.0,0.0,0.0,0.0
25,Center I,Institutions,C000091,Fatima Jinnah Medical College-LHR,90 Days,2500000.0,0.0,0.0,0.0,0.0,0.0,0.0,0.0,0.0,0.0,0.0
26,Center I,Institutions,C000106,Government Teaching Hospital - Shahdara Lahore,90 Days,6100000.0,6090000.0,0.0,0.0,0.0,0.0,0.9983606557377049,0.0,0.0,0.0,0.9983606557377049
27,Center I,Institutions,C001476,Gulab Devi Hospital-lhr,90 Days,800000.0,456552.0,1.0,377180.0,0.0,377180.0,0.57069,0.0,1.0,377180.0,0.57069
28,Center I,Institutions,C000663,Infrastructure Development Authority Punjab(IDAP),90 Days,7000000.0,0.0,0.0,0.0,0.0,0.0,0.0,0.0,0.0,0.0,0.0
29,Center I,Institutions,C001112,Ittefaq hospital  - Lahore,90 Days,1000000.0,629530.0,3.0,1320752.0,691222.0,629530.0,0.62953,0.5233548766157462,0.4766451233842538,440250.6666666667,0.62953
30,Center I,Institutions,C000130,Jinnah Hospital - Lahore,90 Days,80000000.0,5940715.004,0.0,0.0,0.0,0.0,0.07425893755,0.0,0.0,0.0,0.07425893755
31,Center I,Institutions,C000645,Lahore General Hospital,90 Days,12000000.0,6569984.0,1.0,1887410.0,0.0,1887410.0,0.5474986666666667,0.0,1.0,1887410.0,0.5474986666666667
32,Center I,Institutions,C001285,Liver Center - Civil Hospital-FSD,90 Days,1050000.0,0.0,0.0,0.0,0.0,0.0,0.0,0.0,0.0,0.0,0.0
33,Center I,Institutions,C000627,Mayo Hospital,90 Days,10000000.0,0.0,0.0,0.0,0.0,0.0,0.0,0.0,0.0,0.0,0.0
34,Center I,Institutions,C000171,Nawaz Shareef Hospital - LHR,90 Days,1000000.0,0.0,0.0,0.0,0.0,0.0,0.0,0.0,0.0,0.0,0.0
35,Center I,Institutions,C001207,PAF Base Mushaf - Sargodha,90 Days,0.0,0.0,0.0,0.0,0.0,0.0,0.0,0.0,0.0,0.0,0.0
36,Center I,Institutions,C000751,Pakistan Kidney and Liver Institute and Research Center,90 Days,30000000.0,17547254.049,69.0,28666595.999,14286342.0,14380253.999,0.5849084683,0.4983619959795143,0.5016380040204856,415457.91302898555,0.5849084683
37,Center I,Institutions,C000194,PIU Forensic Sciences Agency - Lahore,90 Days,17000000.0,955800.0,1.0,955800.0,0.0,955800.0,0.05622352941176471,0.0,1.0,955800.0,0.05622352941176471
38,Center I,Institutions,C000433,Post Graduate Medical Inst,90 Days,0.0,546000.0,0.0,0.0,0.0,0.0,0.0,0.0,0.0,0.0,0.0
39,Center I,Institutions,C000508,Primary & Secondary Healthcare Department,90 Days,0.0,0.0,0.0,0.0,0.0,0.0,0.0,0.0,0.0,0.0,0.0
40,Center I,Institutions,C001771,Punjab AIDS Control Programme,90 Days,0.0,0.0,0.0,0.0,0.0,0.0,0.0,0.0,0.0,0.0,0.0
41,Center I,Institutions,C000952,Punjab Institute of Cardiology,90 Days,3500000.0,4205999.0,4.0,3398879.0,0.0,3398879.0,1.201714,0.0,1.0,849719.75,1.201714
42,Center I,Institutions,C000723,Punjab Institute of Mental Health,90 Days,1000000.0,866049.995,3.0,866049.995,0.0,866049.995,0.866049995,0.0,1.0,288683.33166666667,0.866049995
43,Center I,Institutions,C001516,Punjab thalaasemia and other genetic disorders prevention and research institute (PTGD),90 Days,13000000.0,186238.0,1.0,6104400.0,5918162.0,186238.0,0.014326,0.9694911866850141,0.03050881331498591,6104400.0,0.014326
44,Center I,Institutions,C000202,Punjab Thalassaemia Prevention Prog - Lhr,90 Days,5000000.0,0.0,0.0,0.0,0.0,0.0,0.0,0.0,0.0,0.0,0.0
45,Center I,Institutions,C000664,Qazi Hussain Ahmed Medical Complex,90 Days,98641.0,0.0,0.0,0.0,0.0,0.0,0.0,0.0,0.0,0.0,0.0
46,Center I,Institutions,C001621,RAHNUMA(Family Planning Assiciation of pakistan-lhr,90 Days,4000000.0,0.0,0.0,0.0,0.0,0.0,0.0,0.0,0.0,0.0,0.0
47,Center I,Institutions,C000801,Sahiwal Medical College -Sahiwal,90 Days,1100000.0,0.0,0.0,0.0,0.0,0.0,0.0,0.0,0.0,0.0,0.0
48,Center I,Institutions,C000217,Services Hospital (SIMS) - Lahore,90 Days,2500000.0,0.0,0.0,0.0,0.0,0.0,0.0,0.0,0.0,0.0,0.0
49,Center I,Institutions,C000306,Shareef Medical & Dental College - Lhr,90 Days,2000000.0,60000.0,0.0,0.0,0.0,0.0,0.03,0.0,0.0,0.0,0.03
50,Center I,Institutions,C000222,Sheikh Zayyed Hospital - Lahore,90 Days,2500000.0,114999.0,0.0,0.0,0.0,0.0,0.0459996,0.0,0.0,0.0,0.0459996
51,Center I,Institutions,C001345,University of engineering and Technollogy-lhr,90 Days,17000000.0,0.0,0.0,0.0,0.0,0.0,0.0,0.0,0.0,0.0,0.0
52,Center I,Institutions,C000251,University of Faisalabad - Fsd,90 Days,500000.0,932200.0,2.0,932200.0,0.0,932200.0,1.8644,0.0,1.0,466100.0,1.8644
53,Center I,Institutions,C000252,University of Health Sciences Lahore,90 Days,9000000.0,236000.0,1.0,236000.0,0.0,236000.0,0.026222222222222223,0.0,1.0,236000.0,0.026222222222222223
54,Center I,Institutions,C001434,University of Lahore,90 Days,250000.0,147641.0,1.0,44200.0,0.0,44200.0,0.590564,0.0,1.0,44200.0,0.590564
55,Center I,Institutions,C000676,University of Veterinary & Animal Sciences,90 Days,8000000.0,4821074.15,1.0,759920.0,0.0,759920.0,0.60263426875,0.0,1.0,759920.0,0.60263426875
56,Center I,Private,C001678,Aiwen Cultural Education company (private) Limited,45 Days,1100000.0,150000.0,0.0,0.0,0.0,0.0,0.13636363636363635,0.0,0.0,0.0,0.13636363636363635
57,Center I,Private,C000011,Alam international  lab - Lahore,45 Days,531732.0,272911.0,0.0,0.0,0.0,0.0,0.513249155589658,0.0,0.0,0.0,0.513249155589658
58,Center I,Private,C001304,Alkhidmat Foundation Pakistan -lhr,45 Days,6000000.0,0.0,0.0,0.0,0.0,0.0,0.0,0.0,0.0,0.0,0.0
59,Center I,Private,C001689,Al-Razi Health Care Hospital-lhr,Cash,0.0,394111.0,0.0,0.0,0.0,0.0,0.0,0.0,0.0,0.0,0.0
60,Center I,Private,C001590,Al-Shifa lab-Kasur,45 Days,300000.0,-4490.0,0.0,0.0,0.0,0.0,-0.014966666666666666,0.0,0.0,0.0,-0.014966666666666666
61,Center I,Private,C000344,Avicenna Medical College - Lahore,45 Days,200000.0,0.0,0.0,0.0,0.0,0.0,0.0,0.0,0.0,0.0,0.0
62,Center I,Private,C001232,Ayesha General Hospital-Fsd,45 Days,350000.0,0.0,0.0,0.0,0.0,0.0,0.0,0.0,0.0,0.0,0.0
63,Center I,Private,C000366,Aziz Fatima Medical & Dental College,45 Days,150000.0,0.0,0.0,0.0,0.0,0.0,0.0,0.0,0.0,0.0,0.0
64,Center I,Private,C001380,Aziz fatima Trust hospital,45 Days,1000000.0,109200.0,10.0,647350.0,423500.0,223850.0,0.1092,0.6542056074766355,0.34579439252336447,64735.0,0.1092
65,Center I,Private,C001140,Bahria International Hospital-Lahore,45 Days,750000.0,983584.8,10.0,2334338.8,1311684.4,1022654.4,1.3114464000000001,0.5619083228192926,0.4380916771807075,233433.87999999998,1.3114464000000001
66,Center I,Private,C000884,Biopath lab-Okara,45 Days,525000.0,88700.4,17.0,1576520.4,1487820.0,88700.4,0.16895314285714286,0.9437365986510546,0.05626340134894544,92736.49411764706,0.16895314285714286
67,Center I,Private,C000267,Cavalry Hospital Lahore,45 Days,80000.0,0.0,0.0,0.0,0.0,0.0,0.0,0.0,0.0,0.0,0.0
68,Center I,Private,C001436,CCL Pharma-lhr,45 Days,500000.0,0.0,0.0,0.0,0.0,0.0,0.0,0.0,0.0,0.0,0.0
69,Center I,Private,C000269,Chughtai Lab - Lahore,45 Days,422000000.0,64033165.51,277.0,203012643.595,144150571.789,58862071.806,0.15173735902843602,0.7100571138641647,0.2899428861358353,732897.6303068592,0.15173735902843602
70,Center I,Private,C001373,Clinlab-lhr,45 Days,750000.0,288910.0,0.0,0.0,0.0,0.0,0.38521333333333335,0.0,0.0,0.0,0.38521333333333335
71,Center I,Private,C001505,Counter Sales Center,45 Days,200000.0,89550.0,1.0,106000.0,106000.0,0.0,0.44775,1.0,0.0,106000.0,0.44775
72,Center I,Private,C001489,Crest Daignostics(Pvt) LTD -kharian,45 Days,500000.0,0.0,0.0,0.0,0.0,0.0,0.0,0.0,0.0,0.0,0.0
73,Center I,Private,C001387,CRG International -lhr,Cash,400000.0,0.0,0.0,0.0,0.0,0.0,0.0,0.0,0.0,0.0,0.0
74,Center I,Private,C000987,Curexa Health (Pvt) Limited-lhr,45 Days,300000.0,0.0,0.0,0.0,0.0,0.0,0.0,0.0,0.0,0.0,0.0
75,Center I,Private,C000367,Doctors  Hospital - Lahore,45 Days,2200000.0,843588.642,29.0,5983397.643,5063367.324,920030.319,0.38344938272727275,0.8462361397497378,0.15376386025026215,206324.05665517243,0.38344938272727275
76,Center I,Private,C001295,Dr Farhan Rasheed,45 Days,5200000.0,7250045.8,16.0,4421085.8,0.0,4421085.8,1.3942395769230769,0.0,1.0,276317.8625,1.3942395769230769
77,Center I,Private,C001443,Dr Muhammad Waqas shafiq,45 Days,600000.0,356359.0,0.0,0.0,0.0,0.0,0.5939316666666666,0.0,0.0,0.0,0.5939316666666666
78,Center I,Private,C000907,Faisal hospital and Cardiac center lab -Fsd,45 Days,150000.0,0.0,0.0,0.0,0.0,0.0,0.0,0.0,0.0,0.0,0.0
79,Center I,Private,C000738,Fatima Memorial Hospital - Lahore,45 Days,4200000.0,3756972.199,50.0,10622534.0,8060234.0,2562300.0,0.8945171902380953,0.7587863686762499,0.24121363132375007,212450.68,0.8945171902380953
80,Center I,Private,C000288,Genome Lab - Lahore,45 Days,15000000.0,5553017.778,35.0,7932086.978,2379069.2,5553017.778,0.3702011852,0.29992979232306144,0.7000702076769385,226631.0565142857,0.3702011852
81,Center I,Private,C001460,GENOMED Laboratories & Research center,45 Days,1000000.0,0.0,0.0,0.0,0.0,0.0,0.0,0.0,0.0,0.0,0.0
82,Center I,Private,C001623,Ghurki Trust Teaching hospital-lhr,90 Days,700000.0,0.0,0.0,0.0,0.0,0.0,0.0,0.0,0.0,0.0,0.0
83,Center I,Private,C000680,GMS office-lhr,Cash,0.0,0.0,0.0,0.0,0.0,0.0,0.0,0.0,0.0,0.0,0.0
84,Center I,Private,C000793,Hameed Latif Hospital Laboratories- Lahore,45 Days,2800000.0,2739565.102,26.0,5638362.094,3862041.926,1776320.168,0.9784161078571428,0.6849581246493106,0.31504187535068945,216860.0805384615,0.9784161078571428
85,Center I,Private,C001438,Health Relief organization,90 Days,750000.0,300000.6,12.0,1886372.6,1586372.0,300000.6,0.4000008,0.8409642930564195,0.1590357069435805,157197.71666666667,0.4000008
86,Center I,Private,C000291,Highnoon Laboratories (Pvt) Ltd,45 Days,200000.0,151099.0,4.0,308603.04,157504.04,151099.0,0.755495,0.5103774739224863,0.4896225260775137,77150.76,0.755495
87,Center I,Private,C001581,Histopathology Associates-lhr,45 Days,500000.0,973990.0,0.0,0.0,0.0,0.0,1.94798,0.0,0.0,0.0,1.94798
88,Center I,Private,C000108,Hormone Lab - Lahore,45 Days,1000000.0,0.0,0.0,0.0,0.0,0.0,0.0,0.0,0.0,0.0,0.0
89,Center I,Private,C001513,Infinity Healthcare(Private) Limited,45 Days,1250000.0,1681500.0,12.0,5169648.999,3488148.999,1681500.0,1.3452,0.6747361377290289,0.3252638622709712,430804.08324999997,1.3452
90,Center I,Private,C000957,Innova labs & Diagnostics,45 Days,200000.0,39480.0,0.0,0.0,0.0,0.0,0.1974,0.0,0.0,0.0,0.1974
91,Center I,Private,C000123,Iqra Medical  Centre - Lahore,45 Days,200000.0,0.0,0.0,0.0,0.0,0.0,0.0,0.0,0.0,0.0,0.0
92,Center I,Private,C000758,K & N (Pvt) Ltd Lhr,45 Days,3000000.0,420080.0,3.0,738680.0,318600.0,420080.0,0.14002666666666666,0.43130990415335463,0.5686900958466453,246226.66666666666,0.14002666666666666
93,Center I,Private,C001400,Khalil Diagnostic Lab -Narowal,45 Days,1550000.0,0.0,0.0,0.0,0.0,0.0,0.0,0.0,0.0,0.0,0.0
94,Center I,Private,C000136,Khan Lab - Sargodha,45 Days,600000.0,542419.5,15.0,1800819.5,1258400.0,542419.5,0.9040325,0.6987929662023318,0.3012070337976682,120054.63333333333,0.9040325
95,Center I,Private,C001515,Lahore University of Management Sciences,90 Days,8500000.0,0.0,1.0,7170800.0,7170800.0,0.0,0.0,1.0,0.0,7170800.0,0.0
96,Center I,Private,C001649,Madina Foundation -lhr,45 Days,14000000.0,0.0,0.0,0.0,0.0,0.0,0.0,0.0,0.0,0.0,0.0
97,Center I,Private,C000764,Madinah Foundation,Cash,0.0,-60000.0,0.0,0.0,0.0,0.0,0.0,0.0,0.0,0.0,0.0
98,Center I,Private,C001536,Medi Laser-lahore,45 Days,300000.0,0.0,0.0,0.0,0.0,0.0,0.0,0.0,0.0,0.0,0.0
99,Center I,Private,C001358,Meezan lab-FSB,45 Days,150000.0,0.0,0.0,0.0,0.0,0.0,0.0,0.0,0.0,0.0,0.0
100,Center I,Private,C000158,Mian Muhammad Trust Hospital - Faisalabad,45 Days,500000.0,0.0,0.0,0.0,0.0,0.0,0.0,0.0,0.0,0.0,0.0
101,Center I,Private,C001146,Minhaj Diagnostics - Lahore,45 Days,1500000.0,2920500.0,6.0,3935500.0,1015000.0,2920500.0,1.947,0.2579087790623809,0.7420912209376191,655916.6666666666,1.947
102,Center I,Private,C001273,Mughal Diagnostic & Research labs,45 Days,3400000.0,1882504.509,20.0,5194946.496,2669840.896,2525105.6,0.5536777967647059,0.5139303933266149,0.48606960667338506,259747.3248,0.5536777967647059
103,Center I,Private,C001773,National Hospital-FSD,45 Days,200000.0,0.0,2.0,50700.0,50700.0,0.0,0.0,1.0,0.0,25350.0,0.0
104,Center I,Private,C000174,Nestle Pakistan Ltd. LHR,45 Days,9000000.0,620316.5,0.0,0.0,0.0,0.0,0.06892405555555556,0.0,0.0,0.0,0.06892405555555556
105,Center I,Private,C000175,Niazi Medical Complex-Sargodha,45 Days,525000.0,0.0,0.0,0.0,0.0,0.0,0.0,0.0,0.0,0.0,0.0
106,Center I,Private,C000938,Novartis Pharma(pakistan) LTD,45 Days,655000.0,0.0,0.0,0.0,0.0,0.0,0.0,0.0,0.0,0.0,0.0
107,Center I,Private,C001216,Nutrico Morinaga - Sheikhpura,45 Days,100000.0,157014.0,0.0,0.0,0.0,0.0,1.57014,0.0,0.0,0.0,1.57014
108,Center I,Private,C001766,OBS Pharma (Private) Limited,45 Days,300000.0,281583.4,1.0,281583.4,0.0,281583.4,0.9386113333333335,0.0,1.0,281583.4,0.9386113333333335
109,Center I,Private,C000481,Olive Worldwide SMC-Pvt. Ltd. (WilCare),45 Days,1300000.0,595000.0,0.0,0.0,0.0,0.0,0.4576923076923077,0.0,0.0,0.0,0.4576923076923077
110,Center I,Private,C000185,Pak Medical Center-Sialkot,45 Days,14870000.0,0.0,0.0,0.0,0.0,0.0,0.0,0.0,0.0,0.0,0.0
111,Center I,Private,C000203,Qari Hospital - Okara,45 Days,1400000.0,79447.3,24.0,1290392.2,1260325.0,30067.2,0.05674807142857143,0.9766991771958944,0.023300822804105607,53766.34166666667,0.05674807142857143
112,Center I,Private,C001779,Rahbar Medical & Dental College - Lahore,90 Days,0.0,0.0,0.0,0.0,0.0,0.0,0.0,0.0,0.0,0.0,0.0
113,Center I,Private,C001132,Sachal laborotory and Research center-lhr,45 Days,3900000.0,0.0,0.0,0.0,0.0,0.0,0.0,0.0,0.0,0.0,0.0
114,Center I,Private,C001390,Sapphire Finishing Mills,90 Days,0.0,0.0,0.0,0.0,0.0,0.0,0.0,0.0,0.0,0.0,0.0
115,Center I,Private,C001780,Selmore Pharmaceuticals Pvt Ltd - Lahore,90 Days,0.0,0.0,0.0,0.0,0.0,0.0,0.0,0.0,0.0,0.0,0.0
116,Center I,Private,C001134,Sundas Foundation Gujranwala,45 Days,300000.0,145000.0,0.0,0.0,0.0,0.0,0.48333333333333334,0.0,0.0,0.0,0.48333333333333334
117,Center I,Private,C001473,Test Zone Diagnostic Center,45 Days,2000000.0,2900550.2,15.0,6889746.2,3989196.0,2900550.2,1.4502751,0.5790047824983742,0.42099521750162583,459316.41333333333,1.4502751
118,Center I,Private,C001458,The Medical laboratories Pvt Ltd,45 Days,600000.0,23600.0,1.0,23600.0,0.0,23600.0,0.03933333333333333,0.0,1.0,23600.0,0.03933333333333333
119,Center I,Private,C000975,Vock Foundation -Lhr,45 Days,200000.0,0.0,0.0,0.0,0.0,0.0,0.0,0.0,0.0,0.0,0.0
120,Center II,Dealer,C000484,Al-Bar Trader- Equipment,45 Days,5000000.0,7011367.61,0.0,0.0,0.0,0.0,1.402273522,0.0,0.0,0.0,1.402273522
121,Center II,Dealer,C000012,Al-Bar Traders-Multan,45 Days,2000000.0,444112.0,0.0,0.0,0.0,0.0,0.222056,0.0,0.0,0.0,0.222056
122,Center II,Dealer,C001611,Lab Point -Multan,45 Days,200000.0,40143.6,1.0,40143.6,0.0,40143.6,0.20071799999999998,0.0,1.0,40143.6,0.20071799999999998
123,Center II,Institutions,C000958,CH.Pervaiz Elahi Institute of Cardiology-Multan,90 Days,8500000.0,495999.888,4.0,495999.888,0.0,495999.888,0.058352928,0.0,1.0,123999.972,0.058352928
124,Center II,Institutions,C000669,Children Hospital - Multan,90 Days,5000000.0,2144558.0,3.0,2700300.0,555742.0,2144558.0,0.4289116,0.20580750287005148,0.7941924971299485,900100.0,0.4289116
125,Center II,Institutions,C001325,CMH - Bahawalnagar,90 Days,0.0,0.0,0.0,0.0,0.0,0.0,0.0,0.0,0.0,0.0,0.0
126,Center II,Institutions,C000271,CMH - Bahawalpur,90 Days,5500000.0,1019817.573,2.0,3641532.0,3641532.0,0.0,0.1854213769090909,1.0,0.0,1820766.0,0.1854213769090909
127,Center II,Institutions,C000274,CMH - Multan,90 Days,100000000.0,0.0,3.0,22488869.999,22488869.999,0.0,0.0,1.0,0.0,7496289.999666668,0.0
128,Center II,Institutions,C001751,CMH - Rahimyar Khan,90 Days,1000000.0,59420.0,2.0,142545.0,83125.0,59420.0,0.05942,0.5831491809603985,0.41685081903960153,71272.5,0.05942
129,Center II,Institutions,C001683,DHQ Hospital - Layyah,90 Days,0.0,0.0,0.0,0.0,0.0,0.0,0.0,0.0,0.0,0.0,0.0
130,Center II,Institutions,C001783,DHQ Hospital - Lodhran,90 Days,0.0,0.0,0.0,0.0,0.0,0.0,0.0,0.0,0.0,0.0,0.0
131,Center II,Institutions,C000127,DHQ Hospital - Multan,90 Days,5000000.0,3567600.002,2.0,1497600.002,0.0,1497600.002,0.7135200004,0.0,1.0,748800.001,0.7135200004
132,Center II,Institutions,C001645,DHQ Hospital-DG  khan,90 Days,5000000.0,888000.0,1.0,888000.0,0.0,888000.0,0.1776,0.0,1.0,888000.0,0.1776
133,Center II,Institutions,C001731,DHQ/Teaching Hospital-D.G khan,90 Days,8000000.0,14290060.0,7.0,14290060.0,0.0,14290060.0,1.7862575,0.0,1.0,2041437.142857143,1.7862575
134,Center II,Institutions,C001133,Nishtar Hospital-Multan,90 Days,23000000.0,22546113.999,3.0,8953043.999,0.0,8953043.999,0.9802658260434783,0.0,1.0,2984347.9996666666,0.9802658260434783
135,Center II,Institutions,C000179,Nishter Medical College Multan,90 Days,12000000.0,0.0,4.0,6852936.0,6852936.0,0.0,0.0,1.0,0.0,1713234.0,0.0
136,Center II,Institutions,C001775,Office of the Medical Superintendent SFMKB Institute of Cardiology - DG Khan,90 Days,10000000.0,1006000.0,1.0,1006000.0,0.0,1006000.0,0.1006,0.0,1.0,1006000.0,0.1006
137,Center II,Institutions,C001533,Pakistan Atomic Energy Commision Hospitaal-D.G khan,90 Days,1000000.0,2425.0,2.0,880375.0,877950.0,2425.0,0.002425,0.9972454919778504,0.002754508022149652,440187.5,0.002425
138,Center II,Institutions,C001529,Punjab Social Security Health Management company Hospital,90 Days,2000000.0,0.0,0.0,0.0,0.0,0.0,0.0,0.0,0.0,0.0,0.0
139,Center II,Institutions,C000205,Quaid-e-azam Medical College.Bahawalpure,90 Days,30000000.0,9946030.0,10.0,5248300.0,0.0,5248300.0,0.3315343333333333,0.0,1.0,524830.0,0.3315343333333333
140,Center II,Institutions,C001754,RECP Tayyip Erdogan Hospital ? Indus Hospital - Muzaffergarh,90 Days,0.0,0.0,0.0,0.0,0.0,0.0,0.0,0.0,0.0,0.0,0.0
141,Center II,Institutions,C001710,Sardar Fateh Muhammad Khan Buzdar Institute of Cardiology - DG Khan,90 Days,0.0,0.0,0.0,0.0,0.0,0.0,0.0,0.0,0.0,0.0,0.0
142,Center II,Institutions,C000223,Sheikh Zayyed Hospital - Rahimyar khan,90 Days,20000000.0,2896037.972,4.0,3783599.972,887562.0,2896037.972,0.1448018986,0.23458135283018233,0.7654186471698177,945899.993,0.1448018986
143,Center II,Institutions,C000504,The Children Hospital & the institute of Child Health Multan,90 Days,1200000.0,1538000.0,1.0,594000.0,0.0,594000.0,1.2816666666666667,0.0,1.0,594000.0,1.2816666666666667
144,Center II,Institutions,C000930,The Indus Hospital MIKD Campus-Multan,90 Days,3800000.0,1295000.0,3.0,3304000.0,2009000.0,1295000.0,0.34078947368421053,0.6080508474576272,0.3919491525423729,1101333.3333333333,0.34078947368421053
145,Center II,Institutions,C000247,THQ - Shujabad,90 Days,11000000.0,1043200.0,0.0,0.0,0.0,0.0,0.09483636363636364,0.0,0.0,0.0,0.09483636363636364
146,Center II,Private,C001615,Al khidmat  foundation -Kot Addu,45 Days,1400000.0,644916.0,17.0,1402350.0,757434.0,644916.0,0.46065428571428574,0.5401176596427425,0.45988234035725745,82491.17647058824,0.46065428571428574
147,Center II,Private,C001660,Al khidmat Health Foundation -Multan,Cash,500000.0,200289.0,5.0,293040.0,92751.0,200289.0,0.400578,0.316513104013104,0.6834868959868959,58608.0,0.400578
148,Center II,Private,C001702,Al Khidmat lab Lodhran,30 Days,3000000.0,50660.0,8.0,2774260.0,2723600.0,50660.0,0.016886666666666668,0.9817392746173754,0.018260725382624556,346782.5,0.016886666666666668
149,Center II,Private,C001711,Al Shifa Poly Clinic,30 Days,300000.0,0.0,4.0,188100.0,188100.0,0.0,0.0,1.0,0.0,47025.0,0.0
150,Center II,Private,C001600,Al-Hadi Pathalogy lab-Bhakkar,45 Days,100000.0,0.0,7.0,321750.0,321750.0,0.0,0.0,1.0,0.0,45964.28571428572,0.0
151,Center II,Private,C001552,AL-Hamd lab.DG khan,45 Days,200000.0,0.0,5.0,252528.0,252528.0,0.0,0.0,1.0,0.0,50505.6,0.0
152,Center II,Private,C000008,AL-Khidmat Foundation - Multan,30 Days,5000000.0,4334997.55,55.0,12646990.0,8311992.45,4334997.55,0.86699951,0.657230886558778,0.34276911344122196,229945.27272727274,0.86699951
153,Center II,Private,C001549,Al-khidmat lab -Bahawalpure,30 Days,2000000.0,709345.0,22.0,2921625.0,2212280.0,709345.0,0.3546725,0.7572087451332734,0.24279125486672656,132801.13636363635,0.3546725
154,Center II,Private,C000020,Alpha Lab - Multan,15 Days,300000.0,0.0,2.0,197250.0,197250.0,0.0,0.0,1.0,0.0,98625.0,0.0
155,Center II,Private,C001565,Al-Raheem lab-Bahawalpure,30 Days,500000.0,697813.0,7.0,465248.0,354625.0,110623.0,1.395626,0.762227887062384,0.23777211293761608,66464.0,1.395626
156,Center II,Private,C001738,As Siraat Serving Humanity -Bahawalpur,45 Days,2500000.0,173436.0,10.0,2635855.0,2462419.0,173436.0,0.0693744,0.9342012364109559,0.06579876358904416,263585.5,0.0693744
157,Center II,Private,C000035,Bakhtawar Ameen Memorial - Multan,45 Days,470000.0,470660.0,0.0,0.0,0.0,0.0,1.001404255319149,0.0,0.0,0.0,1.001404255319149
158,Center II,Private,C001542,BUCH INTERNATIONAL HOSPITAL (PVT) LTD.,90 Days,4700000.0,1905789.4,24.0,8638421.4,6732632.0,1905789.4,0.4054871063829787,0.7793822144402448,0.22061778555975514,359934.22500000003,0.4054871063829787
159,Center II,Private,C001616,City Clinical Lab-Taunsa Sharif,45 Days,500000.0,330360.0,3.0,129120.0,0.0,129120.0,0.66072,0.0,1.0,43040.0,0.66072
160,Center II,Private,C001733,City Hospital Multan,45 Days,520000.0,62610.0,11.0,1622220.0,1559610.0,62610.0,0.12040384615384615,0.9614047416503311,0.038595258349668975,147474.54545454544,0.12040384615384615
161,Center II,Private,C001583,City lab-Sargodha,45 Days,200000.0,9369.2,6.0,572914.2,563545.0,9369.2,0.046846000000000006,0.9836464168631185,0.01635358313688158,95485.7,0.046846000000000006
162,Center II,Private,C001712,Doctor Lab Vehari,45 Days,1100000.0,791292.8,9.0,373172.8,0.0,373172.8,0.719357090909091,0.0,1.0,41463.64444444444,0.719357090909091
163,Center II,Private,C001557,Dr Asma Shoukat lab-BWH,45 Days,250000.0,33187.5,6.0,211012.5,177825.0,33187.5,0.13275,0.8427225875244357,0.15727741247556423,35168.75,0.13275
164,Center II,Private,C001548,DR Imran Nazir Clinic-Multan,30 Days,150000.0,64428.0,3.0,282828.0,218400.0,64428.0,0.42952,0.7722007722007722,0.2277992277992278,94276.0,0.42952
165,Center II,Private,C001554,Dr wasima Tallat-Multan,30 Days,300000.0,113114.999,4.0,318359.999,205245.0,113114.999,0.37704999666666666,0.6446946872870168,0.3553053127129831,79589.99975,0.37704999666666666
166,Center II,Private,C000978,Fatima Fertilizer Welfare Trust Hospital,45 Days,800000.0,3036.0,0.0,0.0,0.0,0.0,0.003795,0.0,0.0,0.0,0.003795
167,Center II,Private,C000101,Ghazi Clinical Labortory.D.G.Khan,45 Days,450000.0,261302.8,15.0,1329015.8,1067713.0,261302.8,0.5806728888888889,0.8033862351373099,0.1966137648626901,88601.05333333333,0.5806728888888889
168,Center II,Private,C001630,Ghazi lab-Multan,45 Days,200000.0,61075.0,0.0,0.0,0.0,0.0,0.305375,0.0,0.0,0.0,0.305375
169,Center II,Private,C001703,Ghouri Diagnostic cente-Multan,45 Days,250000.0,214900.0,5.0,310000.0,95100.0,214900.0,0.8596,0.3067741935483871,0.6932258064516129,62000.0,0.8596
170,Center II,Private,C001564,Hamdard lab-Mandi Yasman,45 Days,360000.0,351600.0,0.0,0.0,0.0,0.0,0.9766666666666667,0.0,0.0,0.0,0.9766666666666667
171,Center II,Private,C001588,Hasnain Clinical lab-.DG khan,45 Days,150000.0,22658.0,1.0,62658.0,40000.0,22658.0,0.15105333333333335,0.6383861597880558,0.3616138402119442,62658.0,0.15105333333333335
172,Center II,Private,C001559,Ibn Siena Health & Education-Multan,30 Days,700000.0,705040.0,8.0,2247700.0,1542660.0,705040.0,1.0072,0.6863282466521333,0.31367175334786673,280962.5,1.0072
173,Center II,Private,C000479,I-MACCA Dignostic Center,45 Days,400000.0,78400.0,5.0,584400.0,506000.0,78400.0,0.196,0.865845311430527,0.13415468856947296,116880.0,0.196
174,Center II,Private,C001764,Islamabad Clinical Lab,45 Days,360000.0,0.0,1.0,355000.0,355000.0,0.0,0.0,1.0,0.0,355000.0,0.0
175,Center II,Private,C001781,Kashaf Diagnostic Center-Bahawalpur,45 Days,500000.0,591220.0,4.0,791220.0,200000.0,591220.0,1.18244,0.25277419680998964,0.7472258031900104,197805.0,1.18244
176,Center II,Private,C001692,Kazi lab-Multan,30 Days,500000.0,43583.0,16.0,947553.0,903970.0,43583.0,0.087166,0.9540046836430258,0.04599531635697423,59222.0625,0.087166
177,Center II,Private,C000337,Khan Lab - Multan,45 Days,2500000.0,0.0,0.0,0.0,0.0,0.0,0.0,0.0,0.0,0.0,0.0
178,Center II,Private,C001763,Life Diagnostic Center-Vehari,30 Days,300000.0,259629.2,11.0,880379.2,620750.0,259629.2,0.8654306666666667,0.7050938959030382,0.2949061040969619,80034.47272727272,0.8654306666666667
179,Center II,Private,C001221,Life lab -Burewalla,30 Days,1000000.0,428036.8,30.0,6364916.8,5936880.0,428036.8,0.4280368,0.9327506056324256,0.06724939436757445,212163.89333333334,0.4280368
180,Center II,Private,C001585,Mubarak Medical Complex-Sargodha,45 Days,610000.0,470364.0,13.0,1859805.0,1389441.0,470364.0,0.771088524590164,0.7470896142337503,0.2529103857662497,143061.92307692306,0.771088524590164
181,Center II,Private,C001592,Muhammadi lab-Melsi,45 Days,100000.0,0.0,0.0,0.0,0.0,0.0,0.0,0.0,0.0,0.0,0.0
182,Center II,Private,C001250,Mukhtar A Sheikh Memorial Welfare Hospital-Multan,90 Days,6000000.0,569500.0,11.0,1857000.0,1287500.0,569500.0,0.09491666666666666,0.693322563274098,0.306677436725902,168818.18181818182,0.09491666666666666
183,Center II,Private,C001594,Multan Clinical lab-Ali pur,45 Days,200000.0,31486.0,6.0,312786.0,281300.0,31486.0,0.15743,0.8993369268445519,0.10066307315544813,52131.0,0.15743
184,Center II,Private,C001551,Multi test lab-Multan,30 Days,300000.0,0.0,6.0,270154.5,270154.5,0.0,0.0,1.0,0.0,45025.75,0.0
185,Center II,Private,C000169,National PCR Lab - Multan,45 Days,120000.0,0.0,0.0,0.0,0.0,0.0,0.0,0.0,0.0,0.0,0.0
186,Center II,Private,C001553,Nayyab lab-Sadiqabad,45 Days,155000.0,13120.6,13.0,638713.6,625593.0,13120.6,0.08464903225806451,0.9794577726229722,0.02054222737702783,49131.81538461538,0.08464903225806451
187,Center II,Private,C001558,Nishtar lab-Layyah,45 Days,300000.0,0.0,2.0,169800.0,169800.0,0.0,0.0,1.0,0.0,84900.0,0.0
188,Center II,Private,C001212,Pak Italian Burn center-Multan,90 Days,1700000.0,448500.0,0.0,0.0,0.0,0.0,0.2638235294117647,0.0,0.0,0.0,0.2638235294117647
189,Center II,Private,C001403,Patient Welfare Model Pharmacy Sheikh Zayed Hospital,45 Days,500000.0,285013.76,1.0,285013.76,0.0,285013.76,0.57002752,0.0,1.0,285013.76,0.57002752
190,Center II,Private,C001573,Poly lab -Multan,45 Days,150000.0,14800.0,0.0,0.0,0.0,0.0,0.09866666666666667,0.0,0.0,0.0,0.09866666666666667
191,Center II,Private,C001562,Qasim lab-Multan,30 Days,700000.0,159829.2,21.0,2184830.2,2019256.0,165574.2,0.2283274285714286,0.9242164448294425,0.07578355517055742,104039.53333333334,0.2283274285714286
192,Center II,Private,C001607,Raza Lab-Multan,45 Days,150000.0,38900.0,0.0,0.0,0.0,0.0,0.25933333333333336,0.0,0.0,0.0,0.25933333333333336
193,Center II,Private,C001604,Real pcr lab -Multan,45 Days,250000.0,117745.0,6.0,606550.0,488805.0,117745.0,0.47098,0.8058775039155882,0.19412249608441184,101091.66666666667,0.47098
194,Center II,Private,C001695,Reza Clinical lab-BHV,45 Days,1200000.0,256067.998,4.0,180908.0,60000.0,120908.0,0.21338999833333333,0.33166029141884273,0.6683397085811573,45227.0,0.21338999833333333
195,Center II,Private,C001603,Shahab Laboratory -Multan,45 Days,100000.0,60375.0,0.0,0.0,0.0,0.0,0.60375,0.0,0.0,0.0,0.60375
196,Center II,Private,C001556,Soorat khan-Multan,30 Days,500000.0,-0.5,9.0,619054.5,619054.5,0.0,-1e-06,1.0,0.0,68783.83333333333,-1e-06
197,Center II,Private,C001790,South City Hospital - Multan,Cash,0.0,0.0,0.0,0.0,0.0,0.0,0.0,0.0,0.0,0.0,0.0
198,Center II,Private,C001576,South Punjab lab-Multan,45 Days,500000.0,282550.0,14.0,1319080.0,1036530.0,282550.0,0.5651,0.7857976771689359,0.21420232283106408,94220.0,0.5651
199,Center II,Private,C000230,Standard Lab - Multan,45 Days,205000.0,0.0,6.0,269119.5,269119.5,0.0,0.0,1.0,0.0,44853.25,0.0
200,Center II,Private,C001550,Star Clinical lab-DG khan,45 Days,200000.0,0.0,1.0,53100.0,53100.0,0.0,0.0,1.0,0.0,53100.0,0.0
201,Center II,Private,C000234,Syed Clinical Lab-Bahawalpur,45 Days,1800000.0,537391.82,27.0,4597971.82,3928343.42,669628.4,0.2985510111111111,0.8543643966917569,0.145635603308243,170295.25259259262,0.2985510111111111
202,Center II,Private,C001555,Taqwa lab-Multan,45 Days,600000.0,384007.4,10.0,766107.4,382100.0,384007.4,0.6400123333333334,0.49875513537658034,0.5012448646234197,76610.74,0.6400123333333334
203,Center II,Private,C001661,Tehseen Ahmed Clinical lab-Khanewal,30 Days,300000.0,-3.0,12.0,759890.0,759890.0,0.0,-1e-05,1.0,0.0,63324.166666666664,-1e-05
204,Center II,Private,C001791,Teritoiry Care Hospital Nishtar -2-Multan,Cash,0.0,2775000.0,3.0,2775000.0,0.0,2775000.0,0.0,0.0,1.0,925000.0,0.0
205,Center II,Private,C001591,Umar Clinical lab-Burewala,45 Days,1000000.0,94287.2,4.0,308027.2,213740.0,94287.2,0.0942872,0.6938997595017583,0.3061002404982417,77006.8,0.0942872
206,Center II,Private,C001599,Waheeda khanum Cancer & General Hospital-Multan,45 Days,80000.0,0.0,2.0,96775.0,96775.0,0.0,0.0,1.0,0.0,48387.5,0.0
207,Head Office,Dealer,C000311,Visole FZC - DUBAI,45 Days,80000000.0,15320412.0,56.0,38257580.94,22937168.94,15320412.0,0.19150515,0.5995457207807453,0.4004542792192548,683171.0882142857,0.19150515
208,Head Office,Institutions,C001405,COD - Karachi,90 Days,200000000.0,0.0,0.0,0.0,0.0,0.0,0.0,0.0,0.0,0.0,0.0
209,Head Office,Private,C001399,Cesvi Pakistan,45 Days,3000000.0,0.0,0.0,0.0,0.0,0.0,0.0,0.0,0.0,0.0,0.0
210,Head Office,Private,C000967,Engro Foods Limited,45 Days,1500000.0,496928.25,0.0,0.0,0.0,0.0,0.3312855,0.0,0.0,0.0,0.3312855
211,Head Office,Private,C001359,Korean intrenational cooperation Agency,Cash,0.0,0.0,0.0,0.0,0.0,0.0,0.0,0.0,0.0,0.0,0.0
212,Head Office,Private,C000221,Shaukat Khanum Memorial Hospital-Lahore,45 Days,180000000.0,74418369.746,394.0,348197197.63,305166456.63,43030741.0,0.4134353874777778,0.8764184740920139,0.1235815259079861,883749.2325634517,0.4134353874777778
213,KPK,Dealer,C001456,Oxy-Med Pvt Ltd -Peshawar,45 Days,6000000.0,0.0,0.0,0.0,0.0,0.0,0.0,0.0,0.0,0.0,0.0
214,KPK,Dealer,C000530,Raza Scientific -peshawar,Cash,0.0,1488444.0,0.0,0.0,0.0,0.0,0.0,0.0,0.0,0.0,0.0
215,KPK,Dealer,C000312,Zafar Enterprises  - Peshawar,45 Days,7700000.0,2894669.841,77.0,13551879.8,10657209.959,2894669.841,0.37593114818181816,0.7864008621888751,0.2135991378111249,175998.43896103898,0.37593114818181816
216,KPK,Institutions,C001769,71 Med Bn Kohat Cantt,90 Days,8500000.0,0.0,3.0,222585.014,222585.014,0.0,0.0,1.0,0.0,74195.00466666666,0.0
217,KPK,Institutions,C001461,Bacha Khan Medical Complex (MTI) - Swabi,90 Days,400000.0,295200.0,0.0,0.0,0.0,0.0,0.738,0.0,0.0,0.0,0.738
218,KPK,Institutions,C001028,Bacha Khan University - Charsadda,90 Days,13000000.0,0.0,0.0,0.0,0.0,0.0,0.0,0.0,0.0,0.0,0.0
219,KPK,Institutions,C000275,CMH - Abbotabad,90 Days,8500000.0,-1222039.924,4.0,4742792.158,4742792.158,0.0,-0.14376940282352943,1.0,0.0,1185698.0395,-0.14376940282352943
220,KPK,Institutions,C001312,CMH - Bannu,90 Days,5500000.0,39648.0,3.0,1079511.0,1039863.0,39648.0,0.007208727272727273,0.96327225938411,0.03672774061588997,359837.0,0.007208727272727273
221,KPK,Institutions,C001310,CMH - DI khan,90 Days,5000000.0,150000.0,4.0,335345.0,185345.0,150000.0,0.03,0.5526994587663451,0.44730054123365487,83836.25,0.03
222,KPK,Institutions,C000273,CMH - KOHAT,90 Days,5000000.0,2851192.0,10.0,3136550.0,1331675.0,1804875.0,0.5702384,0.42456680110312284,0.5754331988968772,313655.0,0.5702384
223,KPK,Institutions,C001613,CMH - Landi Kotal,90 Days,500000.0,0.0,0.0,0.0,0.0,0.0,0.0,0.0,0.0,0.0,0.0
224,KPK,Institutions,C001642,CMH - Loralai,90 Days,500000.0,0.0,0.0,0.0,0.0,0.0,0.0,0.0,0.0,0.0,0.0
225,KPK,Institutions,C000777,CMH - Mardan,90 Days,1200000.0,0.0,0.0,0.0,0.0,0.0,0.0,0.0,0.0,0.0,0.0
226,KPK,Institutions,C000276,CMH - Nowshera,90 Days,30000000.0,2105266.049,3.0,2681139.049,575873.0,2105266.049,0.07017553496666668,0.21478669680141604,0.785213303198584,893713.0163333333,0.07017553496666668
227,KPK,Institutions,C001258,CMH - Risalpur,90 Days,150000.0,74930.0,1.0,74930.0,0.0,74930.0,0.49953333333333333,0.0,1.0,74930.0,0.49953333333333333
228,KPK,Institutions,C000875,CMH - Tarbela Cantt,90 Days,150000.0,0.0,0.0,0.0,0.0,0.0,0.0,0.0,0.0,0.0,0.0
229,KPK,Institutions,C000345,CMH - Terbala,90 Days,1500000.0,4776.0,2.0,86840.0,82064.0,4776.0,0.003184,0.9450023030861354,0.05499769691386458,43420.0,0.003184
230,KPK,Institutions,C001417,CMH - Thal,90 Days,150000.0,104550.0,0.0,0.0,0.0,0.0,0.697,0.0,0.0,0.0,0.697
231,KPK,Institutions,C000837,DHQ Hospital-Tank,90 Days,100000.0,0.0,0.0,0.0,0.0,0.0,0.0,0.0,0.0,0.0,0.0
232,KPK,Institutions,C000754,DHQ Hospital-Upper Dir,90 Days,0.0,575000.0,0.0,0.0,0.0,0.0,0.0,0.0,0.0,0.0,0.0
233,KPK,Institutions,C000741,DHQ Teaching Hospital-Kohat,90 Days,200000.0,90300.0,0.0,0.0,0.0,0.0,0.4515,0.0,0.0,0.0,0.4515
234,KPK,Institutions,C000400,Gajju  Khan Medical College,90 Days,10000000.0,0.0,0.0,0.0,0.0,0.0,0.0,0.0,0.0,0.0,0.0
235,KPK,Institutions,C000439,Hayatabad Medical complex,90 Days,7000000.0,16862620.41,6.0,21712120.41,4849500.0,16862620.41,2.408945772857143,0.22335450929824685,0.7766454907017531,3618686.735,2.408945772857143
236,KPK,Institutions,C000671,Khyber Medical University,90 Days,5000000.0,650797.0,0.0,0.0,0.0,0.0,0.1301594,0.0,0.0,0.0,0.1301594
237,KPK,Institutions,C000623,Khyber Teaching Hospital,90 Days,0.0,260000.0,0.0,0.0,0.0,0.0,0.0,0.0,0.0,0.0,0.0
238,KPK,Institutions,C000295,Lady Reading Hospital-Peshawar,90 Days,12000000.0,20328617.0,13.0,14189820.0,0.0,14189820.0,1.6940514166666667,0.0,1.0,1091524.6153846155,1.6940514166666667
239,KPK,Institutions,C001374,Peshawar institute of cardiology -Psh,90 Days,10000000.0,-944386.0,7.0,2390967.998,2241909.998,149058.0,-0.0944386,0.9376578857915772,0.06234211420842279,341566.8568571429,-0.0944386
240,KPK,Institutions,C000434,Peshawar Medical College,90 Days,1000000.0,0.0,0.0,0.0,0.0,0.0,0.0,0.0,0.0,0.0,0.0
241,KPK,Institutions,C001787,Safe Blood Transfusion Project - KPK Peshawar,90 Days,0.0,0.0,0.0,0.0,0.0,0.0,0.0,0.0,0.0,0.0,0.0
242,KPK,Institutions,C001311,Saidu shareef Teaching hospital-Swat,90 Days,1500000.0,2523000.0,3.0,2122500.0,0.0,2122500.0,1.682,0.0,1.0,707500.0,1.682
243,KPK,Institutions,C001522,University of Swat,90 Days,6000000.0,0.0,0.0,0.0,0.0,0.0,0.0,0.0,0.0,0.0,0.0
244,KPK,Private,C001572,Ali Clinical laboratory-Bathela,45 Days,150000.0,54200.0,0.0,0.0,0.0,0.0,0.36133333333333334,0.0,0.0,0.0,0.36133333333333334
245,KPK,Private,C000024,Anwar Ali Lab - Swat,45 Days,1500000.0,512439.6,4.0,747525.6,298340.0,449185.6,0.3416264,0.39910338856622435,0.6008966114337756,186881.4,0.3416264
246,KPK,Private,C001635,City General Hospital -Malakand,45 Days,200000.0,0.0,0.0,0.0,0.0,0.0,0.0,0.0,0.0,0.0,0.0
247,KPK,Private,C001575,Dr Fida Painless Hospital-psh,45 Days,510000.0,0.0,1.0,0.0,0.0,0.0,0.0,0.0,0.0,0.0,0.0
248,KPK,Private,C000080,Dr. Fazle Raziq Lab - Peshawar,45 Days,750000.0,661549.76,9.0,1044249.76,382700.0,661549.76,0.8820663466666667,0.3664832060866358,0.6335167939133641,116027.75111111111,0.8820663466666667
249,KPK,Private,C000081,Dr. Habib Jadoon Hospital - Abbtt,45 Days,80000.0,0.0,0.0,0.0,0.0,0.0,0.0,0.0,0.0,0.0,0.0
250,KPK,Private,C000283,Dr.Fazal Rahim lab Timergara,45 Days,300000.0,231273.0,2.0,174490.0,0.0,174490.0,0.77091,0.0,1.0,87245.0,0.77091
251,KPK,Private,C001662,Genome lab-Bhathela,45 Days,150000.0,116480.0,0.0,0.0,0.0,0.0,0.7765333333333333,0.0,0.0,0.0,0.7765333333333333
252,KPK,Private,C001541,Hikmat Diagnostic lab-Battgram,45 Days,866240.0,72320.0,0.0,0.0,0.0,0.0,0.08348725526413003,0.0,0.0,0.0,0.08348725526413003
253,KPK,Private,C001589,Ihsan Medical Laboratory-Bannu,45 Days,150000.0,-50860.0,0.0,0.0,0.0,0.0,-0.3390666666666667,0.0,0.0,0.0,-0.3390666666666667
254,KPK,Private,C001578,Jamal Medical Center -Swabi,45 Days,150000.0,0.0,0.0,0.0,0.0,0.0,0.0,0.0,0.0,0.0,0.0
255,KPK,Private,C001633,khan Clinical lab-uppar Dir,Cash,0.0,39640.0,0.0,0.0,0.0,0.0,0.0,0.0,0.0,0.0,0.0
256,KPK,Private,C000139,Khyber Lab-Abottabad,Cash,0.0,0.0,0.0,0.0,0.0,0.0,0.0,0.0,0.0,0.0,0.0
257,KPK,Private,C000152,Mansehra Lab Mansehra,45 Days,100000.0,0.0,0.0,0.0,0.0,0.0,0.0,0.0,0.0,0.0,0.0
258,KPK,Private,C001392,Medco -Psh,45 Days,3000000.0,0.0,1.0,936000.001,936000.001,0.0,0.0,1.0,0.0,936000.001,0.0
259,KPK,Private,C001566,Medi lab Diagnostic lab-Nowshera,45 Days,150000.0,22480.0,0.0,0.0,0.0,0.0,0.14986666666666668,0.0,0.0,0.0,0.14986666666666668
260,KPK,Private,C001602,Muhammad Medical Laboratory -Bannu,45 Days,150000.0,22320.0,0.0,0.0,0.0,0.0,0.1488,0.0,0.0,0.0,0.1488
261,KPK,Private,C001261,Pakistan Kidney Centre-Abbottabad,45 Days,300000.0,0.0,0.0,0.0,0.0,0.0,0.0,0.0,0.0,0.0,0.0
262,KPK,Private,C001644,Peshawar General Hospital-Psh,45 Days,1000000.0,191175.029,3.0,465675.436,206557.407,259118.029,0.191175029,0.4435651765836324,0.5564348234163676,155225.14533333332,0.191175029
263,KPK,Private,C001574,Rehber Diagnostic Center lab -Swabi,45 Days,200000.0,262960.0,0.0,0.0,0.0,0.0,1.3148,0.0,0.0,0.0,1.3148
264,KPK,Private,C000211,Rehman Medical Institute (Pvt) LTD. - PSH,45 Days,4500000.0,4677158.81,17.0,2819729.504,823212.876,1996516.628,1.0393686244444444,0.2919474633407957,0.7080525366592043,165866.4414117647,1.0393686244444444
265,KPK,Private,C001632,Sardar Hospital Diagnostic -Swabi,Cash,0.0,0.0,0.0,0.0,0.0,0.0,0.0,0.0,0.0,0.0,0.0
266,KPK,Private,C001651,Sehat Medical Labortary -Takhbhae,Cash,0.0,0.0,0.0,0.0,0.0,0.0,0.0,0.0,0.0,0.0,0.0
267,KPK,Private,C000219,Shah Clinical Laboratory - Swat,45 Days,157580.0,102897.6,6.0,313377.6,210480.0,102897.6,0.6529864195963955,0.6716497924548532,0.3283502075451469,52229.6,0.6529864195963955
268,KPK,Private,C001393,Shah noor lab .Bannu,45 Days,200000.0,16158.0,1.0,63158.0,63000.0,158.0,0.08079,0.9974983375027708,0.0025016624972291714,63158.0,0.08079
269,KPK,Private,C001569,Sikandar Medical Infirmary-Matta,45 Days,65000.0,63360.0,0.0,0.0,0.0,0.0,0.9747692307692307,0.0,0.0,0.0,0.9747692307692307
270,KPK,Private,C001571,Swat Clinical lab-Matta,45 Days,100000.0,0.0,0.0,0.0,0.0,0.0,0.0,0.0,0.0,0.0,0.0
271,KPK,Private,C001634,Yaqoob Clinical Laboratory -Dargai,45 Days,150000.0,29080.0,0.0,0.0,0.0,0.0,0.19386666666666666,0.0,0.0,0.0,0.19386666666666666
272,North,Dealer,C000483,Ali  Trader - Equipment,45 Days,8000000.0,5212842.75,2.0,3580000.0,3400000.0,180000.0,0.65160534375,0.9497206703910615,0.05027932960893855,1790000.0,0.65160534375
273,North,Dealer,C001742,Ali Brother - Islamabad,Cash,0.0,0.0,0.0,0.0,0.0,0.0,0.0,0.0,0.0,0.0,0.0
274,North,Dealer,C000014,Ali Trader - Gujranwala,45 Days,9600000.0,6391308.63,76.0,47417350.36,41026041.73,6391308.63,0.665761315625,0.8652116033165881,0.1347883966834118,623912.5047368421,0.665761315625
275,North,Dealer,C001446,Alpha Tech Solution,30 Days,3000000.0,1670976.714,80.0,16376479.494,14889502.78,1486976.714,0.556992238,0.9092004655490944,0.09079953445090547,204705.993675,0.556992238
276,North,Dealer,C001158,Asia Scientific - Rawalpindi,45 Days,60000.0,0.0,0.0,0.0,0.0,0.0,0.0,0.0,0.0,0.0,0.0
277,North,Dealer,C001419,Bio indus Research & diagnostics,45 Days,1500000.0,2171621.517,60.0,8253043.895,6081422.378,2171621.517,1.447747678,0.736870233016009,0.2631297669839911,137550.7315833333,1.447747678
278,North,Dealer,C000045,Bio Technologies - Rawalpindi,45 Days,1200000.0,605287.3,33.0,2594882.3,1489595.0,1105287.3,0.5044060833333334,0.5740510850916052,0.4259489149083949,78632.79696969697,0.5044060833333334
279,North,Dealer,C000046,Biocare Enterprises - Rawalpindi,45 Days,9200000.0,0.0,0.0,0.0,0.0,0.0,0.0,0.0,0.0,0.0,0.0
280,North,Dealer,C000048,Burhani Enterprises - Peshawar,45 Days,200000.0,0.0,0.0,0.0,0.0,0.0,0.0,0.0,0.0,0.0,0.0
281,North,Dealer,C001224,Cabbot Surgical,45 Days,300000.0,0.0,0.0,0.0,0.0,0.0,0.0,0.0,0.0,0.0,0.0
282,North,Dealer,C001463,Diagnostic Lab system,45 Days,4000000.0,2455387.66,64.0,7871798.88,5416411.22,2455387.66,0.613846915,0.6880779479467595,0.3119220520532405,122996.8575,0.613846915
283,North,Dealer,C001306,Diagnostic Supplies -Rwp,45 Days,1000000.0,0.0,0.0,0.0,0.0,0.0,0.0,0.0,0.0,0.0,0.0
284,North,Dealer,C000087,Echelon Diagnostic - Karachi,45 Days,1800000.0,996849.08,42.0,5930484.617,5090043.237,840441.38,0.5538050444444444,0.8582845358723574,0.14171546412764266,141202.01469047618,0.5538050444444444
285,North,Dealer,C000102,GHC-Rawalpindi,45 Days,12000000.0,974892.0,9.0,4129162.0,3154270.0,974892.0,0.081241,0.7639007624307305,0.2360992375692695,458795.77777777775,0.081241
286,North,Dealer,C000979,Global Scientific & Surgical -Gilgit,45 Days,824775.0,578000.0,0.0,0.0,0.0,0.0,0.7007971871116365,0.0,0.0,0.0,0.7007971871116365
287,North,Dealer,C000290,Health Equips - Rwp,45 Days,500000.0,-45356.6,34.0,3860123.5,3739197.1,120926.4,-0.0907132,0.9686729194027083,0.03132708059729177,113533.04411764706,-0.0907132
288,North,Dealer,C001414,Ijaz enterprises -Rwp,45 Days,111000000.0,0.0,0.0,0.0,0.0,0.0,0.0,0.0,0.0,0.0,0.0
289,North,Dealer,C001337,Lab Diagnostics System SMC Pvt Ltd.,45 Days,20000000.0,4587421.547,4.0,1382963.547,0.0,1382963.547,0.22937107735,0.0,1.0,345740.88675,0.22937107735
290,North,Dealer,C001657,Magma International -Rwp,45 Days,900000.0,0.0,0.0,0.0,0.0,0.0,0.0,0.0,0.0,0.0,0.0
291,North,Dealer,C001155,Modern Health Technologies-Equipment,45 Days,3200000.0,212975.0,0.0,0.0,0.0,0.0,0.0665546875,0.0,0.0,0.0,0.0665546875
292,North,Dealer,C000159,Modern Health Technologies-Taxila,45 Days,5500000.0,2104845.217,80.0,20179705.63,18074860.413,2104845.217,0.3826991303636364,0.8956949493915883,0.10430505060841169,252246.32037499998,0.3826991303636364
293,North,Dealer,C001302,Mubashar enterrpises-Rwp,Cash,12000000.0,0.0,0.0,0.0,0.0,0.0,0.0,0.0,0.0,0.0,0.0
294,North,Dealer,C001709,Science Center,45 Days,1700000.0,302168.64,18.0,1246181.64,944013.0,302168.64,0.17774625882352943,0.7575244006965149,0.2424755993034852,69232.31333333332,0.17774625882352943
295,North,Dealer,C000248,Total Medical Services - Rwp,45 Days,300000.0,0.0,0.0,0.0,0.0,0.0,0.0,0.0,0.0,0.0,0.0
296,North,Dealer,C000353,Vantage Technologies,Cash,639339.48,65000.0,0.0,0.0,0.0,0.0,0.10166742713902167,0.0,0.0,0.0,0.10166742713902167
297,North,Institutions,C001753,1 Min Med Bn C/O Pak (A) Code No 17 T,90 Days,8500000.0,325005.0,3.0,492615.0,167610.0,325005.0,0.038235882352941175,0.3402454249261594,0.6597545750738406,164205.0,0.038235882352941175
298,North,Institutions,C001624,136  Med  Bn C/O Pak (A)-28,90 Days,8500000.0,0.0,0.0,0.0,0.0,0.0,0.0,0.0,0.0,0.0,0.0
299,North,Institutions,C000540,AFIC - Rwp,90 Days,3000000.0,2576978.064,3.0,2901878.064,586500.0,2315378.064,0.858992688,0.20211049088380995,0.79788950911619,967292.688,0.858992688
300,North,Institutions,C000002,AFIP - RWP,90 Days,100000000.0,0.0,67.0,108023995.187,108023995.187,0.0,0.0,1.0,0.0,1612298.4356268658,0.0
301,North,Institutions,C000003,AFIT - RWP,90 Days,500000.0,423150.0,0.0,0.0,0.0,0.0,0.8463,0.0,0.0,0.0,0.8463
302,North,Institutions,C000004,AFIU - RWP,90 Days,200000.0,0.0,0.0,0.0,0.0,0.0,0.0,0.0,0.0,0.0,0.0
303,North,Institutions,C000029,Army Medical College -Rawalpindi,90 Days,27000000.0,6874731.801,7.0,28319203.007,18877786.994,9441416.013,0.2546196963333333,0.6666072837337177,0.3333927162662823,4045600.4295714283,0.2546196963333333
304,North,Institutions,C001520,Azad Jammu & Kashmir Medical College -Muzaffarabad,90 Days,700000.0,0.0,0.0,0.0,0.0,0.0,0.0,0.0,0.0,0.0,0.0
305,North,Institutions,C001762,Bahria University -Isb,45 Days,6000000.0,6254000.0,1.0,6254000.0,0.0,6254000.0,1.0423333333333333,0.0,1.0,6254000.0,1.0423333333333333
306,North,Institutions,C000707,Benazir Bhutto Hospital - Rwp,90 Days,2800000.0,0.0,0.0,0.0,0.0,0.0,0.0,0.0,0.0,0.0,0.0
307,North,Institutions,C000361,Bone Marrow Transplant center Armed Force,90 Days,7000000.0,906453.095,15.0,3970483.522,3064030.427,906453.095,0.1294932992857143,0.7717020886807751,0.22829791131922497,264698.90146666666,0.1294932992857143
308,North,Institutions,C000270,CMH - Attock,90 Days,3000000.0,39648.002,4.0,1881912.406,1842264.406,39648.0,0.013216000666666667,0.9789320693813419,0.021067930618658137,470478.1015,0.013216000666666667
309,North,Institutions,C001386,CMH - Chunian,90 Days,200000.0,34600.0,0.0,0.0,0.0,0.0,0.173,0.0,0.0,0.0,0.173
310,North,Institutions,C000993,CMH - Gilgit,90 Days,2000000.0,1582168.0,4.0,1413694.0,615434.0,798260.0,0.791084,0.43533749170612596,0.5646625082938741,353423.5,0.791084
311,North,Institutions,C000350,CMH - Jhelum,90 Days,2500000.0,-0.005,5.0,3305545.0,3305545.0,0.0,-2e-09,1.0,0.0,661109.0,-2e-09
312,North,Institutions,C000338,CMH - Mangla,90 Days,1000000.0,0.0,3.0,1074114.0,1074114.0,0.0,0.0,1.0,0.0,358038.0,0.0
313,North,Institutions,C000527,CMH - Murree,90 Days,1500000.0,79296.0,5.0,1308634.0,1229338.0,79296.0,0.052864,0.9394055175090973,0.060594482490902726,261726.8,0.052864
314,North,Institutions,C000243,CMH - Muzafarabad,90 Days,5000000.0,198240.0,7.0,2457851.005,2259611.005,198240.0,0.039648,0.9193441752178139,0.0806558247821861,351121.5721428571,0.039648
315,North,Institutions,C000063,CMH - Peshawar,90 Days,12000000.0,0.0,11.0,11439746.965,11439746.965,0.0,0.0,1.0,0.0,1039976.9968181818,0.0
316,North,Institutions,C000558,CMH - Rawalakot,90 Days,1500000.0,0.0,0.0,0.0,0.0,0.0,0.0,0.0,0.0,0.0,0.0
317,North,Institutions,C000064,CMH - Rawalpindi,90 Days,12000000.0,3727458.0,3.0,5586250.0,1692250.0,3894000.0,0.3106215,0.30293130454240325,0.6970686954575968,1862083.3333333333,0.3106215
318,North,Institutions,C000535,CMH - Skardu,90 Days,1500000.0,546181.0,4.0,986741.0,440560.0,546181.0,0.36412066666666665,0.44647987668496597,0.5535201233150341,246685.25,0.36412066666666665
319,North,Institutions,C000560,COD - Rawalpindi,90 Days,200000000.0,0.0,0.0,0.0,0.0,0.0,0.0,0.0,0.0,0.0,0.0
320,North,Institutions,C000069,DESTO Rawalpindi,90 Days,47000000.0,38437380.45,3.0,13501914.0,0.0,13501914.0,0.817816605319149,0.0,1.0,4500638.0,0.817816605319149
321,North,Institutions,C000412,DG Health - Peshawar,90 Days,500000.0,0.0,0.0,0.0,0.0,0.0,0.0,0.0,0.0,0.0,0.0
322,North,Institutions,C001307,DHQ-Mirpur - AJK,45 Days,1500000.0,0.0,0.0,0.0,0.0,0.0,0.0,0.0,0.0,0.0,0.0
323,North,Institutions,C000440,Directorate General  of Technical Procurement,90 Days,27000000.0,0.0,0.0,0.0,0.0,0.0,0.0,0.0,0.0,0.0,0.0
324,North,Institutions,C000432,Directorate of Procurement - Air,90 Days,70000000.0,0.0,1.0,27108781.92,27108781.92,0.0,0.0,1.0,0.0,27108781.92,0.0
325,North,Institutions,C000280,Directorate of Procurement - Army,90 Days,120000000.0,29082760.4,0.0,0.0,0.0,0.0,0.24235633666666664,0.0,0.0,0.0,0.24235633666666664
326,North,Institutions,C000803,Directorate of Procurement - Navy,90 Days,9000000.0,0.0,0.0,0.0,0.0,0.0,0.0,0.0,0.0,0.0,0.0
327,North,Institutions,C000075,DP - Navy Isb,90 Days,2000000.0,0.0,0.0,0.0,0.0,0.0,0.0,0.0,0.0,0.0,0.0
328,North,Institutions,C001447,Expanded Programme on Immunization,90 Days,10000000.0,0.0,0.0,0.0,0.0,0.0,0.0,0.0,0.0,0.0,0.0
329,North,Institutions,C000286,Fauji Foundation Hospital - RWP,90 Days,2600000.0,3750037.016,16.0,5453888.0,1819270.0,3634618.0,1.4423219292307692,0.3335730400037551,0.6664269599962449,340868.0,1.4423219292307692
330,North,Institutions,C000428,Holy Family Hospital,90 Days,4100000.0,0.0,0.0,0.0,0.0,0.0,0.0,0.0,0.0,0.0,0.0
331,North,Institutions,C001169,Integral Health Delivery Services (Pvt.) Ltd,90 Days,500000.0,0.0,0.0,0.0,0.0,0.0,0.0,0.0,0.0,0.0,0.0
332,North,Institutions,C001313,International Islamic university-ISB,90 Days,2500000.0,0.0,0.0,0.0,0.0,0.0,0.0,0.0,0.0,0.0,0.0
333,North,Institutions,C001353,Islamabad  Medical Complex  Nescom-Isb,90 Days,100000.0,0.0,0.0,0.0,0.0,0.0,0.0,0.0,0.0,0.0,0.0
334,North,Institutions,C001441,ISolation Hospital and infection Treatment centre,90 Days,50000.0,0.0,0.0,0.0,0.0,0.0,0.0,0.0,0.0,0.0,0.0
335,North,Institutions,C001203,KRL Hospital Islamabad,90 Days,10000000.0,4283473.32,17.0,6660816.56,3170676.0,3490140.56,0.428347332,0.4760191143891824,0.5239808856108177,391812.7388235294,0.428347332
336,North,Institutions,C000298,MH - Rawalpindi,90 Days,45000000.0,8469241.0,11.0,18972502.0,2223000.0,16749502.0,0.18820535555555556,0.11716957520942678,0.8828304247905732,1724772.9090909092,0.18820535555555556
337,North,Institutions,C000301,National AID Control Programe -  NIH - Islamabad,90 Days,500000.0,0.0,0.0,0.0,0.0,0.0,0.0,0.0,0.0,0.0,0.0
338,North,Institutions,C001029,National Development Complex,90 Days,2200000.0,0.0,0.0,0.0,0.0,0.0,0.0,0.0,0.0,0.0,0.0
339,North,Institutions,C001318,National Disaster Management Authority,90 Days,500000000.0,0.0,0.0,0.0,0.0,0.0,0.0,0.0,0.0,0.0,0.0
340,North,Institutions,C001339,National Engineering Services Trading & Consultancy Company (NESTACC),90 Days,4500000.0,0.0,0.0,0.0,0.0,0.0,0.0,0.0,0.0,0.0,0.0
341,North,Institutions,C000442,National Institute of Health,90 Days,260000000.0,6571629.999,10.0,115218015.999,108646386.0,6571629.999,0.025275499996153847,0.9429635205742735,0.05703647942572659,11521801.5999,0.025275499996153847
342,North,Institutions,C000756,National University of Medical Sciences (NUMS),90 Days,0.0,0.0,2.0,3208960.0,3208960.0,0.0,0.0,1.0,0.0,1604480.0,0.0
343,North,Institutions,C000865,National University of Science  & Technology,90 Days,1500000.0,0.0,0.0,0.0,0.0,0.0,0.0,0.0,0.0,0.0,0.0
344,North,Institutions,C000180,Noori Hospital Islamabad,90 Days,500000.0,-0.005,1.0,194999.995,194999.995,0.0,-1e-08,1.0,0.0,194999.995,-1e-08
345,North,Institutions,C001210,PAC Hospital -Kamra,90 Days,9647024.0,0.0,0.0,0.0,0.0,0.0,0.0,0.0,0.0,0.0,0.0
346,North,Institutions,C001530,PAF Hospital-Islamabad,90 Days,700000.0,0.0,0.0,0.0,0.0,0.0,0.0,0.0,0.0,0.0,0.0
347,North,Institutions,C001375,Pak-Austria Fachhochsehule:Institute of Applied Sciences & Technology -Haripur,90 Days,0.0,0.0,0.0,0.0,0.0,0.0,0.0,0.0,0.0,0.0,0.0
348,North,Institutions,C001291,Pakistan Academy of Sciences,90 Days,600000.0,0.0,0.0,0.0,0.0,0.0,0.0,0.0,0.0,0.0,0.0
349,North,Institutions,C000336,Pakistan Atomic Energy Commmission General Hospital,90 Days,4000000.0,1120000.198,6.0,3700000.393,2580000.195,1120000.198,0.2800000495,0.6972972759357217,0.30270272406427823,616666.7321666667,0.2800000495
350,North,Institutions,C001696,Pakistan Atomic Energy Commmission General Hospital Mianwali,90 Days,500000.0,0.0,0.0,0.0,0.0,0.0,0.0,0.0,0.0,0.0,0.0
351,North,Institutions,C001749,Pakistan Thalassaemia Center - Rawalpindi,90 Days,0.0,0.0,0.0,0.0,0.0,0.0,0.0,0.0,0.0,0.0,0.0
352,North,Institutions,C000191,PIMS - Children Hospital,90 Days,500000.0,0.0,0.0,0.0,0.0,0.0,0.0,0.0,0.0,0.0,0.0
353,North,Institutions,C000192,PIMS - ISB,90 Days,15000000.0,14650283.41,23.0,10874803.407,0.0,10874803.407,0.9766855606666667,0.0,1.0,472817.5394347826,0.9766855606666667
354,North,Institutions,C001384,POF-Wah,90 Days,3000000.0,0.0,0.0,0.0,0.0,0.0,0.0,0.0,0.0,0.0,0.0
355,North,Institutions,C000437,Quaid-i-Azam University - Islamabad,90 Days,35000000.0,12921461.452,6.0,17700261.452,4778799.99,12921461.462,0.3691846129142857,0.26998471197497653,0.7300152880250235,2950043.575333333,0.3691846129142857
356,North,Institutions,C000424,Rawalpindi  Institute of Cardiology,90 Days,10000000.0,6765744.0,3.0,3162400.0,0.0,3162400.0,0.6765744,0.0,1.0,1054133.3333333333,0.6765744
357,North,Institutions,C001747,Shaheed Zulfiqar Ali Bhutto Medical University Islamabad,90 Days,0.0,0.0,0.0,0.0,0.0,0.0,0.0,0.0,0.0,0.0,0.0
358,North,Institutions,C001643,Sheikh Khalifa bin Zayed Al Nahyan Hospital AK CMH Muzaffarabad,90 Days,400000.0,0.0,0.0,0.0,0.0,0.0,0.0,0.0,0.0,0.0,0.0
359,North,Institutions,C001381,Swan International -Islamabad,90 Days,40000000.0,0.0,0.0,0.0,0.0,0.0,0.0,0.0,0.0,0.0,0.0
360,North,Institutions,C001408,UNOPS-Isb,90 Days,13300000.0,0.0,0.0,0.0,0.0,0.0,0.0,0.0,0.0,0.0,0.0
361,North,Institutions,C000364,World Health Organization,90 Days,45000000.0,0.0,2.0,48660000.0,48660000.0,0.0,0.0,1.0,0.0,24330000.0,0.0
362,North,Private,C001716,Abbottabad international medical instiitute Pvt Ltd,45 Days,500000.0,228986.4,4.0,1727256.4,1500000.0,227256.4,0.4579728,0.868429261573441,0.13157073842655903,431814.1,0.4579728
363,North,Private,C001500,Accurate lab -Rwp,45 Days,500000.0,1682688.0,12.0,2001424.0,318736.0,1682688.0,3.365376,0.15925461071716937,0.8407453892828306,166785.33333333334,3.365376
364,North,Private,C001674,Acme Enterprices,45 Days,7100000.0,0.0,0.0,0.0,0.0,0.0,0.0,0.0,0.0,0.0,0.0
365,North,Private,C000963,Advanced Diagnostic center & labs-Isb,45 Days,240000.0,0.0,0.0,0.0,0.0,0.0,0.0,0.0,0.0,0.0,0.0
366,North,Private,C001690,Al Khidmat Raazi Hospital Rawalpindi,45 Days,1000000.0,1685392.0,35.0,4798050.0,2385510.0,2412540.0,1.685392,0.4971832306874668,0.5028167693125332,137087.14285714287,1.685392
367,North,Private,C000013,Ali Hospital-Islamabad,Cash,475700.0,0.0,0.0,0.0,0.0,0.0,0.0,0.0,0.0,0.0,0.0
368,North,Private,C001760,Ali Medical Center Islamabad,45 Days,500000.0,20130.0,6.0,1614600.0,1594470.0,20130.0,0.04026,0.9875325157933854,0.012467484206614641,269100.0,0.04026
369,North,Private,C000015,Al-Ihsan Hospital - Rwp,45 Days,100000.0,0.0,0.0,0.0,0.0,0.0,0.0,0.0,0.0,0.0,0.0
370,North,Private,C001672,Al-Khidmat Islamabad,45 Days,950000.0,1168700.0,4.0,2360000.0,1240000.0,1120000.0,1.2302105263157894,0.5254237288135594,0.4745762711864407,590000.0,1.2302105263157894
371,North,Private,C001186,Allergy and Asthma center-Isb,45 Days,560000.0,159455.8,8.0,624780.2,465324.4,159455.8,0.28474249999999995,0.74478096456962,0.25521903543038016,78097.525,0.28474249999999995
372,North,Private,C000435,Alpha lab-Rwp,Cash,300000.0,0.0,0.0,0.0,0.0,0.0,0.0,0.0,0.0,0.0,0.0
373,North,Private,C001502,AMEX Export -Import GmbH,45 Days,20000000.0,0.0,0.0,0.0,0.0,0.0,0.0,0.0,0.0,0.0,0.0
374,North,Private,C001363,Amson Vaccine & Pharma(Pvt) Ltd,45 Days,500000.0,70253.0,2.0,154816.0,84563.0,70253.0,0.140506,0.5462161533691609,0.4537838466308392,77408.0,0.140506
375,North,Private,C001451,AZ Diagnostic,45 Days,3500000.0,400200.0,0.0,0.0,0.0,0.0,0.11434285714285715,0.0,0.0,0.0,0.11434285714285715
376,North,Private,C001736,Aziz Medical center-Isb,45 Days,10000000.0,105792.0,15.0,32369798.0,32264006.0,105792.0,0.0105792,0.9967317682983379,0.003268231701662148,2157986.533333333,0.0105792
377,North,Private,C000932,Bahria International Hospital-Rawalpindi,45 Days,100000.0,0.0,0.0,0.0,0.0,0.0,0.0,0.0,0.0,0.0,0.0
378,North,Private,C001201,Begum Akhtar Rukhsana Memorial Hospital,45 Days,99000.0,0.0,0.0,0.0,0.0,0.0,0.0,0.0,0.0,0.0,0.0
379,North,Private,C000039,Bilal Hospital - Rawalpindi,45 Days,30000.0,0.0,0.0,0.0,0.0,0.0,0.0,0.0,0.0,0.0,0.0
380,North,Private,C000043,Bio Path - ISB,45 Days,300000.0,115800.0,0.0,0.0,0.0,0.0,0.386,0.0,0.0,0.0,0.386
381,North,Private,C000937,BioGene Lab - Rawalpindi,45 Days,800000.0,71600.0,0.0,0.0,0.0,0.0,0.0895,0.0,0.0,0.0,0.0895
382,North,Private,C001579,Blood Bank Services-ISB,45 Days,500000.0,901940.0,5.0,146500.0,0.0,146500.0,1.80388,0.0,1.0,29300.0,1.80388
383,North,Private,C000051,Cantt. Lab & Medical Imaging - Rawalpindi,45 Days,1300000.0,0.0,0.0,0.0,0.0,0.0,0.0,0.0,0.0,0.0,0.0
384,North,Private,C001743,Capital Diagnostic Center - Islamabad,Cash,0.0,0.0,0.0,0.0,0.0,0.0,0.0,0.0,0.0,0.0,0.0
385,North,Private,C000867,Citi Labs -Rwp,45 Days,800000.0,774364.238,12.0,1945695.988,1171331.75,774364.238,0.9679552975,0.6020117002985772,0.39798829970142285,162141.33233333332,0.9679552975
386,North,Private,C001547,City Medical complex,45 Days,5500000.0,0.0,0.0,0.0,0.0,0.0,0.0,0.0,0.0,0.0,0.0
387,North,Private,C000277,Counter Sales North,Cash,1175000.0,661271.0,14.0,2701438.8,2390038.8,311400.0,0.5627838297872341,0.8847280937846899,0.11527190621531017,192959.91428571427,0.5627838297872341
388,North,Private,C000343,Customer Services  -  GMS,Cash,1950000.0,0.0,0.0,0.0,0.0,0.0,0.0,0.0,0.0,0.0,0.0
389,North,Private,C001432,DAI Fleming Fund-ISB,45 Days,1500000.0,75000.0,0.0,0.0,0.0,0.0,0.05,0.0,0.0,0.0,0.05
390,North,Private,C001675,Dawn Pahmacy -Rwp,45 Days,350000.0,0.0,0.0,0.0,0.0,0.0,0.0,0.0,0.0,0.0,0.0
391,North,Private,C001308,Dr Akbar Naizi Teaching Hospital-Isb,45 Days,550000.0,0.0,0.0,0.0,0.0,0.0,0.0,0.0,0.0,0.0,0.0
392,North,Private,C000076,Dr Amreek Lal,45 Days,2300000.0,710091.94,29.0,7031776.3,5499767.36,1532008.94,0.3087356260869565,0.7821305919529893,0.21786940804701083,242475.0448275862,0.3087356260869565
393,North,Private,C000079,Dr. Abdul Sattar Lab- Sialkot,45 Days,600000.0,0.0,10.0,2310200.0,2310200.0,0.0,0.0,1.0,0.0,231020.0,0.0
394,North,Private,C001025,Dr. Naeem,45 Days,500000.0,0.0,0.0,0.0,0.0,0.0,0.0,0.0,0.0,0.0,0.0
395,North,Private,C000284,Excel Lab - ISB,45 Days,22000000.0,10873969.756,109.0,39568235.264,28694265.508,10873969.756,0.4942713525454545,0.7251843635823364,0.2748156364176636,363011.3326972477,0.4942713525454545
396,North,Private,C000093,FS Lab Services - Chakwal,45 Days,288000.0,0.0,0.0,0.0,0.0,0.0,0.0,0.0,0.0,0.0,0.0
397,North,Private,C000094,Gen. Sohaib,45 Days,400000.0,60000.0,1.0,10000.0,0.0,10000.0,0.15,0.0,1.0,10000.0,0.15
398,North,Private,C001508,Gilgit Medical Laboratories,45 Days,1100000.0,0.0,0.0,0.0,0.0,0.0,0.0,0.0,0.0,0.0,0.0
399,North,Private,C000740,GMS office-Head office,Cash,100000000000.0,0.006,1.0,403200.006,403200.0,0.006,6e-14,0.9999999851190479,1.488095215950964e-08,403200.006,6e-14
400,North,Private,C001427,GSR lab-ISB,45 Days,100000.0,0.0,0.0,0.0,0.0,0.0,0.0,0.0,0.0,0.0,0.0
401,North,Private,C001608,Health Line Diagnostic Services-Isb,45 Days,500000.0,101800.0,0.0,0.0,0.0,0.0,0.2036,0.0,0.0,0.0,0.2036
402,North,Private,C000109,Health Ways Laboratories - Rawalpindi,45 Days,100000.0,147500.0,0.0,0.0,0.0,0.0,1.475,0.0,0.0,0.0,1.475
403,North,Private,C001676,Hospital Equipment Corporation -Rwp,45 Days,5000000.0,0.0,0.0,0.0,0.0,0.0,0.0,0.0,0.0,0.0,0.0
404,North,Private,C001497,International Federation of Red Cross and red Crescent Societies,45 Days,1300000.0,0.0,0.0,0.0,0.0,0.0,0.0,0.0,0.0,0.0,0.0
405,North,Private,C001628,IOM international  Organization for Migration,45 Days,500000.0,305000.0,0.0,0.0,0.0,0.0,0.61,0.0,0.0,0.0,0.61
406,North,Private,C000124,Islamabad Diagnostic Centre(Pvt) Ltd,45 Days,60000000.0,29154082.558,212.0,114307336.746,80345695.715,33961641.031,0.48590137596666666,0.7028918528084905,0.2971081471915094,539185.5506886793,0.48590137596666666
407,North,Private,C001422,Islamabad Healthcare Lab,45 Days,660800.0,170172.0,0.0,0.0,0.0,0.0,0.2575242130750605,0.0,0.0,0.0,0.2575242130750605
408,North,Private,C001768,JSI Research & Training Institute - Islamabad,Cash,0.0,0.0,0.0,0.0,0.0,0.0,0.0,0.0,0.0,0.0,0.0
409,North,Private,C001503,Kohsar University - Murree,45 Days,3000000.0,272610.0,0.0,0.0,0.0,0.0,0.09087,0.0,0.0,0.0,0.09087
410,North,Private,C001343,Margalla Diagnostic & Clinical -ISB,45 Days,11500000.0,0.0,0.0,0.0,0.0,0.0,0.0,0.0,0.0,0.0,0.0
411,North,Private,C001475,MarkPro-khi,Cash,9400000.0,0.0,0.0,0.0,0.0,0.0,0.0,0.0,0.0,0.0,0.0
412,North,Private,C001482,Marroof International hospital-ISB,Cash,0.0,0.0,0.0,0.0,0.0,0.0,0.0,0.0,0.0,0.0,0.0
413,North,Private,C001296,Maryam Memorial Hospital -Rwp,45 Days,844000.0,0.0,0.0,0.0,0.0,0.0,0.0,0.0,0.0,0.0,0.0
414,North,Private,C001449,MEDASK Private Limited,45 Days,4200000.0,585695.0,0.0,0.0,0.0,0.0,0.13945119047619048,0.0,0.0,0.0,0.13945119047619048
415,North,Private,C000851,Medecins Sans Frontieres,45 Days,5000000.0,739200.0,5.0,2959950.0,2220750.0,739200.0,0.14784,0.7502660517914154,0.2497339482085846,591990.0,0.14784
416,North,Private,C001498,Medicsi labs islamabad,45 Days,200000.0,192141.9,6.0,347414.5,155272.6,192141.9,0.9607095,0.44693759183914317,0.5530624081608568,57902.416666666664,0.9607095
417,North,Private,C001425,Mediland Pakistan (PVT) Ltd,Cash,0.0,0.0,0.0,0.0,0.0,0.0,0.0,0.0,0.0,0.0,0.0
418,North,Private,C001596,Meritorious Business Solutions Pvt Ltd-Rwp,45 Days,300000.0,0.0,0.0,0.0,0.0,0.0,0.0,0.0,0.0,0.0,0.0
419,North,Private,C001344,Metropole Laboratories(Private) Limited,45 Days,1600000.0,1006293.79,34.0,3729501.048,2723207.258,1006293.79,0.62893361875,0.7301800490069201,0.26981995099307987,109691.20729411764,0.62893361875
420,North,Private,C001415,MOL PAKISTAN OIL & GAS CO.B.V,45 Days,2152800.0,0.0,0.0,0.0,0.0,0.0,0.0,0.0,0.0,0.0,0.0
421,North,Private,C001467,Mother and child Healthcare center,45 Days,1300000.0,0.0,0.0,0.0,0.0,0.0,0.0,0.0,0.0,0.0,0.0
422,North,Private,C001187,Mubarak Clinical lab,45 Days,30000.0,0.0,0.0,0.0,0.0,0.0,0.0,0.0,0.0,0.0,0.0
423,North,Private,C001367,Nai Zindagi Trust,45 Days,11000000.0,0.0,0.0,0.0,0.0,0.0,0.0,0.0,0.0,0.0,0.0
424,North,Private,C001563,Nayab lab & diagnostic center-ISB,45 Days,900000.0,1030599.6,23.0,8752244.48,7861684.88,890559.6,1.1451106666666666,0.8982478606447702,0.1017521393552297,380532.36869565217,1.1451106666666666
425,North,Private,C001501,Nayab Trader -Rwp,45 Days,500000.0,291200.006,7.0,1144000.006,852800.0,291200.006,0.582400012,0.7454545415448188,0.2545454584551812,163428.5722857143,0.582400012
426,North,Private,C001778,Noon Foundation-Rwp,90 Days,350000.0,384396.8,6.0,1220804.4,836407.6,384396.8,1.0982765714285714,0.6851282646097934,0.3148717353902067,203467.4,1.0982765714285714
427,North,Private,C001045,Northwest General Hospital & Research Center,45 Days,1000000.0,975416.2,17.0,4075200.0,3099783.8,975416.2,0.9754162,0.7606458087946604,0.2393541912053396,239717.64705882352,0.9754162
428,North,Private,C001257,P-First Solution -Rwp,45 Days,2235000.0,0.0,0.0,0.0,0.0,0.0,0.0,0.0,0.0,0.0,0.0
429,North,Private,C001770,Premium Diagnostics,90 Days,8500000.0,0.0,1.0,150000.0,150000.0,0.0,0.0,1.0,0.0,150000.0,0.0
430,North,Private,C001338,Qarshi laboratories,45 Days,50000.0,0.0,0.0,0.0,0.0,0.0,0.0,0.0,0.0,0.0,0.0
431,North,Private,C000417,Quaid-e-azam international Hospital,45 Days,3300000.0,0.0,0.0,0.0,0.0,0.0,0.0,0.0,0.0,0.0,0.0
432,North,Private,C000492,Real Time Pcr lab-Psh(Equipment),Cash,0.0,0.0,0.0,0.0,0.0,0.0,0.0,0.0,0.0,0.0,0.0
433,North,Private,C001746,Red Cresent - Rawalpindi,90 Days,0.0,0.0,0.0,0.0,0.0,0.0,0.0,0.0,0.0,0.0,0.0
434,North,Private,C001391,Rehman Lab -Isb,Cash,672000.0,0.0,0.0,0.0,0.0,0.0,0.0,0.0,0.0,0.0,0.0
435,North,Private,C001722,Revive Medical Technologies Inc,45 Days,1500000.0,0.0,0.0,0.0,0.0,0.0,0.0,0.0,0.0,0.0,0.0
436,North,Private,C001776,Riphah Intl University - Islamabad,Cash,0.0,0.0,0.0,0.0,0.0,0.0,0.0,0.0,0.0,0.0,0.0
437,North,Private,C000509,Saif  Health  Care Limited,45 Days,1200000.0,806130.0,6.0,1052095.0,691015.0,361080.0,0.671775,0.6567990533174286,0.34320094668257145,175349.16666666666,0.671775
438,North,Private,C001525,Salman Poultry Pvt  LTD,45 Days,300000.0,0.0,0.0,0.0,0.0,0.0,0.0,0.0,0.0,0.0,0.0
439,North,Private,C001283,Shaheen Medical Services -Rwp,45 Days,2903300.0,0.0,0.0,0.0,0.0,0.0,0.0,0.0,0.0,0.0,0.0
440,North,Private,C001606,Shaukat Khanum Memorial Hospital - Peshawar,Cash,0.0,0.0,0.0,0.0,0.0,0.0,0.0,0.0,0.0,0.0,0.0
441,North,Private,C000224,Shifa international Hosp Ltd - Isb,45 Days,50000000.0,43613991.211,93.0,70583480.012,36382988.038,34200491.974,0.87227982422,0.5154603886322193,0.4845396113677808,758962.1506666666,0.87227982422
442,North,Private,C000325,Stancos Pvt Ltd,45 Days,1500.0,0.0,2.0,999342.0,999342.0,0.0,0.0,1.0,0.0,499671.0,0.0
443,North,Private,C001369,Superior Scientifc technology,45 Days,200000.0,0.0,0.0,0.0,0.0,0.0,0.0,0.0,0.0,0.0,0.0
444,North,Private,C001568,Talha Clinical Laboratory -Dargai,45 Days,150000.0,128640.0,0.0,0.0,0.0,0.0,0.8576,0.0,0.0,0.0,0.8576
445,North,Private,C001465,The Citi lab Rawalpindi,45 Days,400000.0,226201.032,8.0,1332200.096,990000.064,342200.032,0.56550258,0.7431316564024629,0.2568683435975372,166525.012,0.56550258
446,North,Private,C001521,The Diabetes center-ISB,Cash,0.0,1200699.0,0.0,0.0,0.0,0.0,0.0,0.0,0.0,0.0,0.0
447,North,Private,C001279,United National High Commissioner for Refugees,45 Days,5000000.0,0.0,0.0,0.0,0.0,0.0,0.0,0.0,0.0,0.0,0.0
448,North,Private,C000520,US Embassy Islamabad,45 Days,200000.0,134118.0,0.0,0.0,0.0,0.0,0.67059,0.0,0.0,0.0,0.67059
449,North,Private,C000354,Valley Clinic - Rwp,45 Days,35000.0,0.0,0.0,0.0,0.0,0.0,0.0,0.0,0.0,0.0,0.0
450,North,Private,C001797,XL Pakistan,60 Days,0.0,0.0,0.0,0.0,0.0,0.0,0.0,0.0,0.0,0.0,0.0
451,North,Private,C001452,Yahya Hospital-Haripur,45 Days,2200000.0,1425783.0,18.0,4759354.5,3333571.5,1425783.0,0.6480831818181818,0.7004251311811297,0.2995748688188703,264408.5833333333,0.6480831818181818
452,North,Private,C000515,Zainab Lab-Rwp,45 Days,500000.0,0.0,0.0,0.0,0.0,0.0,0.0,0.0,0.0,0.0,0.0
453,North,Private,C000260,Zam Zam Lab - Jehlum,45 Days,200000.0,0.0,0.0,0.0,0.0,0.0,0.0,0.0,0.0,0.0,0.0
454,South,Dealer,C000010,Al Shifa Traders - Quetta,45 Days,5600000.0,5569075.4,0.0,0.0,0.0,0.0,0.99447775,0.0,0.0,0.0,0.99447775
455,South,Dealer,C001303,Aqsa Enterprises-Hyd,45 Days,2500000.0,505531.0,2.0,75400.0,75400.0,0.0,0.2022124,1.0,0.0,37700.0,0.2022124
456,South,Dealer,C000034,Baig Brothers Importers Exporters - QTA,45 Days,17500000.0,1022685.96,9.0,1542397.96,553532.0,988865.96,0.05843919771428571,0.35887754934530647,0.6411224506546935,171377.5511111111,0.05843919771428571
457,South,Dealer,C000988,Best Med Traders -Hyd,45 Days,6000000.0,3005602.941,57.0,16724297.341,13123172.72,3601124.621,0.5009338235,0.7846770750618168,0.2153229249381832,293408.72528070176,0.5009338235
458,South,Dealer,C000095,General Diagnostic - Karachi,45 Days,3000000.0,46300.0,1.0,300900.0,300900.0,0.0,0.015433333333333334,1.0,0.0,300900.0,0.015433333333333334
459,South,Dealer,C000487,Lab Point -Equipment,45 Days,3500000.0,1075000.0,0.0,0.0,0.0,0.0,0.30714285714285716,0.0,0.0,0.0,0.30714285714285716
460,South,Dealer,C000324,Lab Point SKR,45 Days,1500000.0,1366946.74,37.0,8705160.54,7338213.8,1366946.74,0.9112978266666667,0.8429728281610761,0.15702717183892395,235274.60918918916,0.9112978266666667
461,South,Dealer,C000143,Lab Tech Services - Karachi,45 Days,800000.0,1566247.88,12.0,4093294.88,2641416.0,1451878.88,1.9578098499999999,0.6453031304697989,0.354696869530201,341107.9066666667,1.9578098499999999
462,South,Dealer,C000145,Labtech - Larkana,45 Days,400000.0,87455.0,0.0,0.0,0.0,0.0,0.2186375,0.0,0.0,0.0,0.2186375
463,South,Dealer,C001394,Roche Pakistan Limited,45 Days,516000.0,0.0,0.0,0.0,0.0,0.0,0.0,0.0,0.0,0.0,0.0
464,South,Dealer,C001348,Samad diagnostic lab-Quetta,45 Days,300000.0,594130.0,0.0,0.0,0.0,0.0,1.9804333333333333,0.0,0.0,0.0,1.9804333333333333
465,South,Dealer,C001383,Scientific Solutions -khi,45 Days,3000000.0,367494.0,0.0,0.0,0.0,0.0,0.122498,0.0,0.0,0.0,0.122498
466,South,Dealer,C001329,Star Corporation-Khi,45 Days,550000.0,0.0,0.0,0.0,0.0,0.0,0.0,0.0,0.0,0.0,0.0
467,South,Dealer,C000985,Sukkur Traders-Sukkur,45 Days,4000000.0,3983950.0,0.0,0.0,0.0,0.0,0.9959875,0.0,0.0,0.0,0.9959875
468,South,Dealer,C001335,Taj Diagnostic-khi,45 Days,1410000.0,214934.5,12.0,814665.6,587433.0,227232.6,0.15243581560283687,0.7210725480491628,0.2789274519508373,67888.8,0.15243581560283687
469,South,Dealer,C000256,V-Med Inter Trade - Karachi,45 Days,3200000.0,4693933.983,16.0,9298115.983,4604182.0,4693933.983,1.4668543696875,0.49517364683533227,0.5048263531646678,581132.2489375,1.4668543696875
470,South,Institutions,C001774,71 Med Battalian Quetta Cantt,90 Days,8500000.0,42585.0,1.0,42585.0,0.0,42585.0,0.00501,0.0,1.0,42585.0,0.00501
471,South,Institutions,C000775,Balochistan Institute of nephoro-Urology Quetta - (BINUQ,90 Days,12000000.0,259000.0,0.0,0.0,0.0,0.0,0.021583333333333333,0.0,0.0,0.0,0.021583333333333333
472,South,Institutions,C000502,CENAR Hospital-Quetta,90 Days,1000000.0,0.0,3.0,474336.0,474336.0,0.0,0.0,1.0,0.0,158112.0,0.0
473,South,Institutions,C001324,Children Hospital-khi,90 Days,2000000.0,0.0,0.0,0.0,0.0,0.0,0.0,0.0,0.0,0.0,0.0
474,South,Institutions,C001715,Civil Hospital-Karachi,90 Days,23000000.0,0.0,10.0,22136501.245,22136501.245,0.0,0.0,1.0,0.0,2213650.1245,0.0
475,South,Institutions,C000387,CMH - Badin,90 Days,1000000.0,0.0,2.0,307040.0,307040.0,0.0,0.0,1.0,0.0,153520.0,0.0
476,South,Institutions,C000401,CMH - Chhor,90 Days,500000.0,0.0,4.0,229275.0,229275.0,0.0,0.0,1.0,0.0,57318.75,0.0
477,South,Institutions,C000060,CMH - Hyderabad,90 Days,3500000.0,1197374.968,4.0,4489865.968,3594986.0,894879.968,0.34210713371428575,0.80068893495308,0.1993110650469199,1122466.492,0.34210713371428575
478,South,Institutions,C001331,CMH - Khuzdar,90 Days,1000000.0,0.0,0.0,0.0,0.0,0.0,0.0,0.0,0.0,0.0,0.0
479,South,Institutions,C000911,CMH - Malir,90 Days,8000000.0,386450.0,5.0,9761816.24,9375366.24,386450.0,0.04830625,0.9604120800372697,0.039587919962730214,1952363.2480000001,0.04830625
480,South,Institutions,C000694,CMH - Pano Aqil,90 Days,10000000.0,1241817.012,5.0,1587741.03,1066236.018,521505.012,0.12418170120000001,0.6715427754613106,0.3284572245386894,317548.206,0.12418170120000001
481,South,Institutions,C000314,CMH - Quetta,90 Days,100000000.0,554880.0,5.0,11834262.005,11556822.005,277440.0,0.0055488,0.9765562060496226,0.02344379395037739,2366852.401,0.0055488
482,South,Institutions,C001411,CMH-Zhob,90 Days,300000.0,371230.0,1.0,237130.0,0.0,237130.0,1.2374333333333334,0.0,1.0,237130.0,1.2374333333333334
483,South,Institutions,C001480,College of physicians Surgeons Pakistan,45 Days,100000.0,0.0,0.0,0.0,0.0,0.0,0.0,0.0,0.0,0.0,0.0
484,South,Institutions,C000068,DESTO Karachi,90 Days,34000000.0,7121470.0,1.0,949997.935,949997.935,0.0,0.209455,1.0,0.0,949997.935,0.209455
485,South,Institutions,C000073,DG Health - Hyderabad,90 Days,5000000.0,0.0,0.0,0.0,0.0,0.0,0.0,0.0,0.0,0.0,0.0
486,South,Institutions,C000532,Diagnostic & Research Laboratory,90 Days,25000000.0,24288226.757,35.0,48513901.277,24942190.0,23571711.277,0.97152907028,0.5141245981762523,0.4858754018237476,1386111.465057143,0.97152907028
487,South,Institutions,C001332,Director General Health -Baluchistan,90 Days,100000000.0,0.0,0.0,0.0,0.0,0.0,0.0,0.0,0.0,0.0,0.0
488,South,Institutions,C000074,DOW University Karachi,90 Days,27000000.0,25876242.0,21.0,50175098.0,26163910.0,24011188.0,0.9583793333333334,0.5214520956192253,0.4785479043807747,2389290.380952381,0.9583793333333334
489,South,Institutions,C001524,Fatima Jinnah Institute of Chest Diseases - Quetta,90 Days,900000.0,74010.136,13.0,2700010.155,2626000.019,74010.136,0.08223348444444445,0.9725889416145548,0.027411058385445223,207693.08884615384,0.08223348444444445
490,South,Institutions,C001535,Fauji Foundation Hospital(SOMH)-khi,90 Days,1000000.0,228800.0,9.0,2103660.0,1874860.0,228800.0,0.2288,0.8912371771103695,0.10876282288963045,233740.0,0.2288
491,South,Institutions,C000536,Gambat Inst of Medical Science,90 Days,30000000.0,641300.0,1.0,336300.0,0.0,336300.0,0.021376666666666665,0.0,1.0,336300.0,0.021376666666666665
492,South,Institutions,C001532,GC University -Hyderabad,90 Days,10000000.0,0.0,0.0,0.0,0.0,0.0,0.0,0.0,0.0,0.0,0.0
493,South,Institutions,C001334,IBD Hospital-Attock,90 Days,1000000.0,0.0,0.0,0.0,0.0,0.0,0.0,0.0,0.0,0.0,0.0
494,South,Institutions,C000616,Indus Hospital and Health Network,90 Days,3416817.0,-34947.259,32.0,10932175.4,7691202.12,3240973.28,-0.010228016016075779,0.7035381192292249,0.296461880770775,341630.48125,-0.010228016016075779
495,South,Institutions,C000461,Jinnah Sindh Medical University,90 Days,2000000.0,686048.0,1.0,167980.0,167980.0,0.0,0.343024,1.0,0.0,167980.0,0.343024
496,South,Institutions,C000132,JPMC - Karachi,90 Days,5000000.0,87496.776,2.0,4961969.776,4875069.0,86900.776,0.0174993552,0.9824866373793084,0.017513362620691628,2480984.888,0.0174993552
497,South,Institutions,C000861,Karachi Port Trust -Khi,90 Days,50000.0,84750.0,0.0,0.0,0.0,0.0,1.695,0.0,0.0,0.0,1.695
498,South,Institutions,C000678,Khairpur Medical College,90 Days,0.0,0.0,0.0,0.0,0.0,0.0,0.0,0.0,0.0,0.0,0.0
499,South,Institutions,C000146,Liaqaut University [L.U.M.H.S] - Jamshoro,90 Days,3700000.0,0.0,0.0,0.0,0.0,0.0,0.0,0.0,0.0,0.0,0.0
500,South,Institutions,C000147,Liaqaut University Hospital [L.U.H] - HYD,90 Days,3000000.0,338070.0,2.0,338070.0,0.0,338070.0,0.11269,0.0,1.0,169035.0,0.11269
501,South,Institutions,C000148,Liaquat National Hospital - Karachi,90 Days,15500000.0,3426388.625,29.0,22431102.829,19004714.204,3426388.625,0.22105733064516128,0.8472483207303476,0.15275167926965239,773486.3044482758,0.22105733064516128
502,South,Institutions,C001752,Medical Battalion 44 Ops Area Gwadar,90 Days,5000000.0,0.0,1.0,770050.0,770050.0,0.0,0.0,1.0,0.0,770050.0,0.0
503,South,Institutions,C001377,Memon Medical Institute Hospital(Memon Health and Education Foundation),90 Days,7500000.0,317612.72,15.0,3907200.0,2846004.0,1061196.0,0.04234836266666666,0.7283998771498772,0.27160012285012286,260480.0,0.04234836266666666
504,South,Institutions,C001665,National institute of Cardiovascular Disease -khi,90 Days,15000000.0,11264831.5,12.0,7560430.0,1711798.5,5848631.5,0.7509887666666667,0.2264154948858729,0.7735845051141271,630035.8333333334,0.7509887666666667
505,South,Institutions,C001796,National Institute of Child Health - Karachi,Cash,0.0,0.0,0.0,0.0,0.0,0.0,0.0,0.0,0.0,0.0,0.0
506,South,Institutions,C000581,Office of the District Health Officer ? Shaheed Benazirabad,90 Days,6300000.0,0.0,3.0,2984800.0,2984800.0,0.0,0.0,1.0,0.0,994933.3333333334,0.0
507,South,Institutions,C001321,Pakistan Navy Hospital-Ormara,90 Days,3500000.0,0.0,0.0,0.0,0.0,0.0,0.0,0.0,0.0,0.0,0.0
508,South,Institutions,C001320,PCMD  - University of Karachi,90 Days,25000000.0,670229.0,2.0,10893900.004,10374835.004,519065.0,0.02680916,0.9523526928088737,0.047647307191126295,5446950.002,0.02680916
509,South,Institutions,C001326,People University of Medical & Health sciences for Women,90 Days,120000000.0,0.0,0.0,0.0,0.0,0.0,0.0,0.0,0.0,0.0,0.0
510,South,Institutions,C000392,Peoples Medical College Hospital,90 Days,15000000.0,0.0,0.0,0.0,0.0,0.0,0.0,0.0,0.0,0.0,0.0
511,South,Institutions,C000196,PN MEDICAL STORES DEPOT at  PNS Shifa - Karachi,90 Days,2200000.0,0.0,0.0,0.0,0.0,0.0,0.0,0.0,0.0,0.0,0.0
512,South,Institutions,C000195,PNS Darmaan Jah Hospital,90 Days,600000.0,90000.0,0.0,0.0,0.0,0.0,0.15,0.0,0.0,0.0,0.15
513,South,Institutions,C001740,PPHI -  SINDH DISTRICT OFFICE -  PPHI  Hyderabad,90 Days,20000000.0,817920.0,5.0,817920.0,0.0,817920.0,0.040896,0.0,1.0,163584.0,0.040896
514,South,Institutions,C001741,PPHI -  SINDH DISTRICT OFFICE -  PPHI  Khairpur,90 Days,20000000.0,1623729.0,16.0,2848370.0,1055940.0,1792430.0,0.08118645,0.3707172874310571,0.629282712568943,178023.125,0.08118645
515,South,Institutions,C001759,PPHI -  SINDH DISTRICT OFFICE -  PPHI DL MIRPURKHAS,90 Days,500000.0,1300100.0,8.0,1409550.0,109450.0,1300100.0,2.6002,0.0776488950374233,0.9223511049625767,176193.75,2.6002
516,South,Institutions,C001729,PPHI -  SINDH DISTRICT OFFICE -  PPHI Hyderabad,90 Days,0.0,0.0,0.0,0.0,0.0,0.0,0.0,0.0,0.0,0.0,0.0
517,South,Institutions,C001739,PPHI -  SINDH DISTRICT OFFICE -  PPHI LARKANA,90 Days,20000000.0,2261390.0,32.0,3750149.8,1488759.8,2261390.0,0.1130695,0.39698675503575886,0.6030132449642412,117192.18125,0.1130695
518,South,Institutions,C001724,PPHI -  SINDH DISTRICT OFFICE -  PPHI Malir,90 Days,0.0,0.0,0.0,0.0,0.0,0.0,0.0,0.0,0.0,0.0,0.0
519,South,Institutions,C001750,PPHI -  SINDH DISTRICT OFFICE - KARACHI,90 Days,0.0,0.0,0.0,0.0,0.0,0.0,0.0,0.0,0.0,0.0,0.0
520,South,Institutions,C001448,Regional Blood Centre-Sukkur,90 Days,1400000.0,0.0,0.0,0.0,0.0,0.0,0.0,0.0,0.0,0.0,0.0
521,South,Institutions,C001151,Sayed Abdullah Shah Institute of Medical Sciences,90 Days,4267000.0,0.0,0.0,0.0,0.0,0.0,0.0,0.0,0.0,0.0,0.0
522,South,Institutions,C000227,Sindh Institue of Urology and Transplanta,90 Days,13500000.0,271468.75,5.0,4426100.0,4426100.0,0.0,0.020108796296296295,1.0,0.0,885220.0,0.020108796296296295
523,South,Institutions,C001537,Sindh Institute of Child and Health Neonatology-khi,90 Days,20000000.0,107441.826,12.0,4957949.826,4855589.881,102359.945,0.0053720913,0.9793543806225682,0.020645619377431756,413162.4855,0.0053720913
524,South,Institutions,C000031,Sindh Institute of Reproductive Medicine (SIRM)-Khi,90 Days,3000000.0,1950361.92,29.0,9371800.0,7989716.5,1382083.5,0.65012064,0.8525274226936127,0.14747257730638724,323165.5172413793,0.65012064
525,South,Institutions,C001444,Sindh Rangers Hospital - Sukkur,90 Days,2000000.0,0.0,0.0,0.0,0.0,0.0,0.0,0.0,0.0,0.0,0.0
526,South,Institutions,C000456,Sindh Rangers Hospital -khi,90 Days,2000000.0,0.0,0.0,0.0,0.0,0.0,0.0,0.0,0.0,0.0,0.0
527,South,Institutions,C001109,The Kidney Centre Post Graduate Training Institute - KHI,90 Days,1400000.0,1168200.0,18.0,2638350.0,1470150.0,1168200.0,0.8344285714285714,0.5572232645403377,0.4427767354596623,146575.0,0.8344285714285714
528,South,Institutions,C000465,University of Karachi,90 Days,5800000.0,1220397.0,0.0,0.0,0.0,0.0,0.21041327586206895,0.0,0.0,0.0,0.21041327586206895
529,South,Private,C001362,Advance MRI & Diagnostic center-Hyd,45 Days,400000.0,0.0,0.0,0.0,0.0,0.0,0.0,0.0,0.0,0.0,0.0
530,South,Private,C001333,Advanced Laboratories PVTLTD-khi,45 Days,6310000.0,714918.04,1.0,204000.0,0.0,204000.0,0.11329921394611728,0.0,1.0,204000.0,0.11329921394611728
531,South,Private,C001189,Aftab enterprises-Hyd,45 Days,40000.0,0.0,0.0,0.0,0.0,0.0,0.0,0.0,0.0,0.0,0.0
532,South,Private,C001317,Aga khan Health Service,90 Days,9000000.0,142600.0,3.0,142600.0,0.0,142600.0,0.015844444444444446,0.0,1.0,47533.333333333336,0.015844444444444446
533,South,Private,C000261,Akram Hospital Lab,45 Days,1000000.0,2073008.7,0.0,0.0,0.0,0.0,2.0730087,0.0,0.0,0.0,2.0730087
534,South,Private,C001744,Al khidmat - Sukkur,45 Days,4000000.0,0.0,0.0,0.0,0.0,0.0,0.0,0.0,0.0,0.0,0.0
535,South,Private,C001610,Al khidmat Hospital Nazimabad-Karachi,45 Days,6000000.0,4372366.0,40.0,17266450.0,12774300.0,4492150.0,0.7287276666666667,0.7398336079506789,0.26016639204932107,431661.25,0.7287276666666667
536,South,Private,C001605,Al khidmat Hospital Orangi-Karachi,45 Days,500000.0,0.0,0.0,0.0,0.0,0.0,0.0,0.0,0.0,0.0,0.0
537,South,Private,C000007,Al-Hamra Diabetic and Medical Center - KHI,45 Days,6500000.0,403951.0,2.0,4586699.0,4586699.0,0.0,0.062146307692307695,1.0,0.0,2293349.5,0.062146307692307695
538,South,Private,C001698,Al-Mustafa Hospital-khi,45 Days,1500000.0,96000.0,0.0,0.0,0.0,0.0,0.064,0.0,0.0,0.0,0.064
539,South,Private,C001370,Altamash General Hospital (Private) Limited-Khi,45 Days,1000000.0,274286.6,19.0,2191887.6,2056341.0,135546.6,0.2742866,0.9381598764462192,0.06184012355378077,115362.5052631579,0.2742866
540,South,Private,C000528,Amma Ayesha Hospital,45 Days,1000000.0,500000.0,0.0,0.0,0.0,0.0,0.5,0.0,0.0,0.0,0.5
541,South,Private,C000385,Archroma Pakistan Ltd,45 Days,100000.0,0.0,0.0,0.0,0.0,0.0,0.0,0.0,0.0,0.0,0.0
542,South,Private,C001772,Aria Institute of Medical Sciences (Private) Limited-Quetta,45 Days,50000000.0,954680.0,9.0,2645680.0,1691000.0,954680.0,0.0190936,0.6391551510386744,0.3608448489613256,293964.44444444444,0.0190936
543,South,Private,C001357,Arif laboratory Diagnostic-khi,45 Days,1000000.0,0.0,0.0,0.0,0.0,0.0,0.0,0.0,0.0,0.0,0.0
544,South,Private,C001586,AZM  laboratories-khi,45 Days,1700000.0,-44978.2,12.0,1030731.8,955896.2,74835.6,-0.02645776470588235,0.9273956619947109,0.07260433800528907,85894.31666666667,-0.02645776470588235
545,South,Private,C001051,Bahria Pharmacy-khi,45 Days,4000000.0,234508.48,4.0,426211.48,191703.0,234508.48,0.058627120000000005,0.44978375523812736,0.5502162447618727,106552.87,0.058627120000000005
546,South,Private,C001647,Balooch Blood Bank -Quetta,45 Days,300000.0,-5710.0,1.0,94290.0,94290.0,0.0,-0.019033333333333333,1.0,0.0,94290.0,-0.019033333333333333
547,South,Private,C000476,Bayer Pakistan (Pvt).Ltd,45 Days,800000.0,391449.0,0.0,0.0,0.0,0.0,0.48931125,0.0,0.0,0.0,0.48931125
548,South,Private,C001648,Bukhari Blood bank & Thalasseemia center-Larkana,45 Days,2200000.0,135380.0,0.0,0.0,0.0,0.0,0.06153636363636364,0.0,0.0,0.0,0.06153636363636364
549,South,Private,C001193,Burhani Hospital-khi,45 Days,500000.0,319060.0,18.0,1667910.0,1348850.0,319060.0,0.63812,0.8087067047982205,0.19129329520177948,92661.66666666667,0.63812
550,South,Private,C001305,CDC Lab-Khi,45 Days,1500000.0,632165.0,0.0,0.0,0.0,0.0,0.42144333333333334,0.0,0.0,0.0,0.42144333333333334
551,South,Private,C001368,Concept Fertility Center-khi,45 Days,750000.0,44095.0,8.0,1573030.2,1528935.2,44095.0,0.058793333333333336,0.9719681160603274,0.028031883939672615,196628.775,0.058793333333333336
552,South,Private,C000316,Counter Sales South,Cash,2520000.0,275920.0,3.0,326640.0,0.0,326640.0,0.10949206349206349,0.0,1.0,108880.0,0.10949206349206349
553,South,Private,C000831,Darul Shifa international Pvt Ltd,45 Days,1000000.0,1103630.0,13.0,2960620.0,1894490.0,1066130.0,1.10363,0.6398963730569949,0.3601036269430052,227740.0,1.10363
554,South,Private,C001792,Dawood Lab-Quetta,Cash,0.0,0.0,0.0,0.0,0.0,0.0,0.0,0.0,0.0,0.0,0.0
555,South,Private,C000430,Doctor plaza,45 Days,1200000.0,698988.3,8.0,554680.0,353700.0,200980.0,0.58249025,0.6376649599769236,0.36233504002307637,69335.0,0.58249025
556,South,Private,C001704,Dr Tariq Laboratory -khi,45 Days,850000.0,1026032.4,9.0,1026032.4,0.0,1026032.4,1.2070969411764707,0.0,1.0,114003.6,1.2070969411764707
557,South,Private,C000918,Dr. Essa Laboratory & Diagnostic Centres (Pvt) Ltd-Khi,45 Days,5000000.0,1113039.0,20.0,3797649.2,2466368.28,1331280.92,0.2226078,0.6494460520471453,0.3505539479528546,189882.46000000002,0.2226078
558,South,Private,C000085,Dr. Ziauddin Hospital - Karachi,90 Days,22000000.0,13481478.76,65.0,25769615.71,12271823.0,13497792.71,0.6127944890909091,0.4762128833468739,0.523787116653126,396455.6263076923,0.6127944890909091
559,South,Private,C001442,Dr.Yasmeen syed lab.khi,45 Days,1000000.0,219124.0,16.0,2045766.0,1826642.0,219124.0,0.219124,0.8928890205429164,0.10711097945708356,127860.375,0.219124
560,South,Private,C001587,Fatimiyah Hospital-khi,45 Days,1000000.0,322800.0,14.0,1735200.0,1350000.0,385200.0,0.3228,0.7780082987551867,0.22199170124481327,123942.85714285714,0.3228
561,South,Private,C001459,Friends of Burns Centre -khi,45 Days,800000.0,0.0,0.0,0.0,0.0,0.0,0.0,0.0,0.0,0.0,0.0
562,South,Private,C001538,Genose Lab - Karachi,45 Days,230000.0,192000.0,0.0,0.0,0.0,0.0,0.8347826086956521,0.0,0.0,0.0,0.8347826086956521
563,South,Private,C000099,Getz Pharma (PVT) Limited - Karachi,45 Days,2700000.0,2416404.0,15.0,3507550.0,1363608.0,2143942.0,0.8949644444444445,0.3887636669470143,0.6112363330529857,233836.66666666666,0.8949644444444445
564,South,Private,C000104,Glaxo Smith Kline - Karachi,45 Days,400000.0,0.0,0.0,0.0,0.0,0.0,0.0,0.0,0.0,0.0,0.0
565,South,Private,C000739,GMS office-khi,Cash,10000000.0,0.0,0.0,0.0,0.0,0.0,0.0,0.0,0.0,0.0,0.0
566,South,Private,C001658,Habib Medical Center-khi,45 Days,1010000.0,589800.108,8.0,2162600.124,1572800.016,589800.108,0.583960502970297,0.7272726929705846,0.2727273070294155,270325.0155,0.583960502970297
567,South,Private,C000989,Hamdard University-khi,45 Days,1200000.0,984099.1,13.0,3255098.35,2270999.25,984099.1,0.8200825833333333,0.6976745418460244,0.3023254581539756,250392.18076923076,0.8200825833333333
568,South,Private,C001598,Harmone Lab Quetta,45 Days,1000000.0,152402.96,0.0,0.0,0.0,0.0,0.15240296,0.0,0.0,0.0,0.15240296
569,South,Private,C001705,Hashim Medical city Hospital-Hyd,45 Days,1500000.0,0.0,1.0,198000.0,198000.0,0.0,0.0,1.0,0.0,198000.0,0.0
570,South,Private,C001328,Hashmani Group of Hospital-khi,45 Days,5000000.0,396410.498,13.0,1048697.698,652287.2,396410.498,0.0792820996,0.6219973603870731,0.37800263961292685,80669.0536923077,0.0792820996
571,South,Private,C000542,Hill park General Hospital & Trauma centre,45 Days,1250000.0,425914.0,0.0,0.0,0.0,0.0,0.3407312,0.0,0.0,0.0,0.3407312
572,South,Private,C001042,HOPES(Help of paitent in Exigency by Student),45 Days,1500000.0,1376778.875,15.0,5020980.0,3644201.125,1376778.875,0.9178525833333333,0.7257947900609044,0.27420520993909553,334732.0,0.9178525833333333
573,South,Private,C000112,HUSSAINI HAEMATOLOGY ONCOLOGY TRUST-Khi,45 Days,200000.0,20000.0,0.0,0.0,0.0,0.0,0.1,0.0,0.0,0.0,0.1
574,South,Private,C001005,Iftakhar Memorial Hospital -khi,45 Days,700000.0,474729.5,9.0,1064973.363,837893.363,227080.0,0.678185,0.7867740096707002,0.21322599032929992,118330.37366666665,0.678185
575,South,Private,C001509,IMCO Technologist -khi,45 Days,300000.0,218266.96,0.0,0.0,0.0,0.0,0.7275565333333333,0.0,0.0,0.0,0.7275565333333333
576,South,Private,C000964,Indus Diagnostic Centre-Khi,45 Days,400000.0,0.0,7.0,302180.0,302180.0,0.0,0.0,1.0,0.0,43168.57142857143,0.0
577,South,Private,C001667,IRD Pakistan Pvt Ltd -khi,45 Days,2500000.0,7497.0,1.0,2474892.0,2467395.0,7497.0,0.0029988,0.9969707769066286,0.0030292230933713473,2474892.0,0.0029988
578,South,Private,C001197,J P Diagnostic -Khairpur Mirus,45 Days,500000.0,119479.0,8.0,787290.0,667811.0,119479.0,0.238958,0.84824016563147,0.15175983436853002,98411.25,0.238958
579,South,Private,C000129,Jholay Lal Diagnostic - Nawab Shah,45 Days,2000000.0,768499.0,0.0,0.0,0.0,0.0,0.3842495,0.0,0.0,0.0,0.3842495
580,South,Private,C000486,Jholay lal Diagnostic-Equipment,45 Days,3600000.0,0.0,0.0,0.0,0.0,0.0,0.0,0.0,0.0,0.0,0.0
581,South,Private,C001104,Karachi Diagnostic center,45 Days,500000.0,226255.0,5.0,404400.0,285000.0,119400.0,0.45251,0.7047477744807121,0.2952522255192878,80880.0,0.45251
582,South,Private,C000922,Karachi lab & Ultra Sound center,45 Days,100000.0,0.0,0.0,0.0,0.0,0.0,0.0,0.0,0.0,0.0,0.0
583,South,Private,C001340,Karachi Labortary Diagnostic Center - KHI,45 Days,500000.0,0.0,0.0,0.0,0.0,0.0,0.0,0.0,0.0,0.0,0.0
584,South,Private,C000134,Kashif Iqbal Thalasseemia Care Center,45 Days,850000.0,270560.0,8.0,1172970.0,902410.0,270560.0,0.31830588235294116,0.7693376642198863,0.23066233578011372,146621.25,0.31830588235294116
585,South,Private,C001767,Koohi Goth Hospital Laboratory -khi,45 Days,700000.0,141811.0,8.0,543344.0,401533.0,141811.0,0.20258714285714285,0.739003283371124,0.260996716628876,67918.0,0.20258714285714285
586,South,Private,C001527,Korangi Landhi Medical Center -khi,45 Days,940000.0,989111.39,15.0,2728380.4,1739269.01,989111.39,1.052246159574468,0.637473062773798,0.36252693722620205,181892.02666666667,1.052246159574468
587,South,Private,C001183,Kutiyana memon Hospital-khi,45 Days,1500000.0,1387392.649,24.0,6165000.0,4132607.351,2032392.649,0.9249284326666667,0.6703337146796431,0.32966628532035686,256875.0,0.9249284326666667
588,South,Private,C001622,Life line WelfareTrust -Hyd,45 Days,550000.0,316800.0,6.0,1309440.0,992640.0,316800.0,0.576,0.7580645161290323,0.24193548387096775,218240.0,0.576
589,South,Private,C001470,Malir Blood Bank-Kh,45 Days,1400000.0,856480.48,15.0,4033742.12,3177261.64,856480.48,0.6117717714285714,0.7876709877526826,0.21232901224731737,268916.14133333333,0.6117717714285714
590,South,Private,C001789,Mamji Hospital-Khi,45 Days,1000000.0,0.0,0.0,0.0,0.0,0.0,0.0,0.0,0.0,0.0,0.0
591,South,Private,C000157,Martin Dow Marker Ltd-Khi,45 Days,600000.0,97279.2,2.0,106129.2,8850.0,97279.2,0.162132,0.08338892595063375,0.9166110740493663,53064.6,0.162132
592,South,Private,C000155,MediCentre Hospital - Karachi,45 Days,200000.0,0.0,0.0,0.0,0.0,0.0,0.0,0.0,0.0,0.0,0.0
593,South,Private,C001734,Medsol International Karachi,45 Days,2000000.0,50000.0,2.0,1857330.0,1807330.0,50000.0,0.025,0.9730796358213134,0.02692036417868661,928665.0,0.025
594,South,Private,C001669,Mehran Laboratary -Khairpure,45 Days,100000.0,43227.2,4.0,351817.2,308590.0,43227.2,0.432272,0.877131646775655,0.1228683532243449,87954.3,0.432272
595,South,Private,C001723,Midciti hospital -khi,45 Days,1000000.0,287634.72,7.0,656996.2,369361.48,287634.72,0.28763471999999995,0.5621972851593358,0.4378027148406642,93856.59999999999,0.28763471999999995
596,South,Private,C001638,Muhammad Ashraf Kharadar General Hospital-khi,90 Days,3000000.0,1054699.0,30.0,8292996.0,7202860.0,1090136.0,0.3515663333333333,0.8685473862522061,0.13145261374779393,276433.2,0.3515663333333333
597,South,Private,C000168,National Food - Karachi,45 Days,4000000.0,952959.0,6.0,4120000.0,3167041.0,952959.0,0.23823975,0.7686992718446602,0.2313007281553398,686666.6666666666,0.23823975
598,South,Private,C001349,National Medical Centre(Pvt) Ltd,45 Days,55000000.0,31350433.646,66.0,79539911.856,48595454.288,30944457.568,0.5700078844727273,0.610956853660811,0.38904314633918896,1205150.1796363636,0.5700078844727273
599,South,Private,C000176,NIBD (PRIVATE) LIMITED,90 Days,1300000.0,571200.0,8.0,1591200.0,1020000.0,571200.0,0.4393846153846154,0.6410256410256411,0.358974358974359,198900.0,0.4393846153846154
600,South,Private,C001745,Nova Care Pvt Ltd-khi,45 Days,600000.0,148903.7,8.0,628546.7,479643.0,148903.7,0.24817283333333334,0.7630984300768742,0.2369015699231259,78568.3375,0.24817283333333334
601,South,Private,C001418,One Health-khi,45 Days,5800000.0,0.0,0.0,0.0,0.0,0.0,0.0,0.0,0.0,0.0,0.0
602,South,Private,C001511,Pasha OBS/Gynae & General Hospital-Khi,45 Days,1200000.0,216736.4,11.0,897688.4,680952.0,216736.4,0.18061366666666667,0.7585616568065267,0.24143834319347335,81608.03636363636,0.18061366666666667
603,South,Private,C001677,Patel Hospital -khi,45 Days,3000000.0,2105753.0,25.0,5865443.5,3759690.5,2105753.0,0.7019176666666667,0.6409899779956963,0.3590100220043037,234617.74,0.7019176666666667
604,South,Private,C001726,Patients Welfare Foundation -khi,45 Days,1200000.0,450603.92,11.0,902200.38,451596.46,450603.92,0.37550326666666667,0.5005500662724173,0.4994499337275828,82018.21636363637,0.37550326666666667
605,South,Private,C000948,Priya Diagnostic Center-khi,45 Days,550000.0,483101.0,7.0,252226.0,149080.0,103146.0,0.8783654545454546,0.591057226455639,0.408942773544361,36032.28571428572,0.8783654545454546
606,South,Private,C001560,Rahat Medical Complex Hospital-Quetta,45 Days,600000.0,0.0,6.0,814758.0,814758.0,0.0,0.0,1.0,0.0,135793.0,0.0
607,South,Private,C001784,Ranco Pharma-Khi,45 Days,1500000.0,0.0,0.0,0.0,0.0,0.0,0.0,0.0,0.0,0.0,0.0
608,South,Private,C001737,Rathore Clinic & Meternity home Diabetic Center-khi,45 Days,2500000.0,809967.6,14.0,2049584.0,1239616.4,809967.6,0.32398704,0.604813659747539,0.39518634025246097,146398.85714285713,0.32398704
609,South,Private,C001445,Reliance Diagnostic laboratory & clinic,45 Days,400000.0,160003.726,6.0,593780.862,513780.98,79999.882,0.400009315,0.8652703596230086,0.13472964037699148,98963.477,0.400009315
610,South,Private,C001426,RIMS Trauma Hospital-khi,45 Days,2000000.0,0.4,4.0,137870.4,137870.0,0.4,2.0000000000000002e-07,0.9999970987245994,2.901275400666133e-06,34467.6,2.0000000000000002e-07
611,South,Private,C001546,River City Medical Center-Sukkur,45 Days,3500000.0,50000.0,0.0,0.0,0.0,0.0,0.014285714285714285,0.0,0.0,0.0,0.014285714285714285
612,South,Private,C001141,S M Sohail Trust-khi,45 Days,2400000.0,1161540.0,32.0,8323620.0,7078980.0,1244640.0,0.483975,0.8504689065574834,0.1495310934425166,260113.125,0.483975
613,South,Private,C000511,SADA Welfare Foundation,Cash,0.0,0.0,0.0,0.0,0.0,0.0,0.0,0.0,0.0,0.0,0.0
614,South,Private,C001366,Saleha Medical Center-khi,45 Days,200000.0,0.0,0.0,0.0,0.0,0.0,0.0,0.0,0.0,0.0,0.0
615,South,Private,C000965,Saylani Blood Bank & Thalassemia center-khi,45 Days,300000.0,211334.08,2.0,232800.0,116400.0,116400.0,0.7044469333333333,0.5,0.5,116400.0,0.7044469333333333
616,South,Private,C001275,Shan Foods Pvt.Ltd,45 Days,3000000.0,11457.4,7.0,3519666.0,3519665.6,0.4,0.0038191333333333333,0.9999998863528529,1.1364714720089918e-07,502809.4285714286,0.0038191333333333333
617,South,Private,C000225,Sind Lab - Badin,45 Days,1000000.0,907.46,10.0,1930465.46,1929558.0,907.46,0.00090746,0.9995299268395095,0.00047007316049052755,193046.546,0.00090746
618,South,Private,C001580,Sind Lab - Karachi,45 Days,500000.0,36000.0,0.0,0.0,0.0,0.0,0.072,0.0,0.0,0.0,0.072
619,South,Private,C001120,Sindh lab -Larkana,45 Days,1500000.0,1041200.0,0.0,0.0,0.0,0.0,0.6941333333333334,0.0,0.0,0.0,0.6941333333333334
620,South,Private,C001127,South City Hospital - Karachi,45 Days,5500000.0,0.0,0.0,0.0,0.0,0.0,0.0,0.0,0.0,0.0,0.0
621,South,Private,C001322,Syed Medical Lab - Sibi,45 Days,500000.0,100000.0,0.0,0.0,0.0,0.0,0.2,0.0,0.0,0.0,0.2
622,South,Private,C000236,Tabba Heart Institute - KHI,45 Days,3000000.0,1552633.61,12.0,4140000.0,2730000.0,1410000.0,0.5175445366666667,0.6594202898550725,0.34057971014492755,345000.0,0.5175445366666667
623,South,Private,C001457,Tabba Kidney Institute -khi,45 Days,2000000.0,282606.2,20.0,5262363.5,4979754.5,282609.0,0.14130310000000001,0.9462961842145644,0.05370381578543557,263118.175,0.14130310000000001
624,South,Private,C000237,Tahir Medical Center - Khi,45 Days,750000.0,304347.3,16.0,2036056.6,1890019.8,146036.8,0.4057964,0.9282746854876235,0.07172531451237651,127253.5375,0.4057964
625,South,Private,C001777,Taj Hematology & Health Care Centre-Khi,45 Days,2000000.0,-7.0,1.0,151693.0,151693.0,0.0,-3.5e-06,1.0,0.0,151693.0,-3.5e-06
626,South,Private,C000238,Taj Medicose - Khi,45 Days,250000.0,34008.76,0.0,0.0,0.0,0.0,0.13603504,0.0,0.0,0.0,0.13603504
627,South,Private,C000240,Thallssaemia Center & Blood Bank,45 Days,800000.0,1402198.8,3.0,921070.0,0.0,921070.0,1.7527485,0.0,1.0,307023.3333333333,1.7527485
628,South,Private,C000242,The Aga khan Hospital and Medical College Foundation,45 Days,250000000.0,156237168.81,178.0,395384847.129,248955621.468,146429225.661,0.62494867524,0.6296539264864003,0.3703460735135997,2221263.1861179774,0.62494867524
629,South,Private,C000245,The Laboratory - Khi,45 Days,3500000.0,-73571.22,8.0,4015438.56,4015438.56,0.0,-0.021020348571428572,1.0,0.0,501929.82,-0.021020348571428572
630,South,Private,C001106,The Pathologist lab -khi,45 Days,350000.0,0.0,0.0,0.0,0.0,0.0,0.0,0.0,0.0,0.0,0.0
631,South,Private,C001494,Tripack Films LTD -khi,Cash,0.0,0.0,0.0,0.0,0.0,0.0,0.0,0.0,0.0,0.0,0.0
632,South,Private,C001483,Zafar Medicare Clinics and Pathological lab-Badin,45 Days,1700000.0,1396342.0,9.0,1317092.0,900550.0,416542.0,0.8213776470588235,0.6837411509598418,0.31625884904015816,146343.55555555556,0.8213776470588235
633,South,Private,C001395,Zain General Hospital & Maternity home-Karachi,45 Days,1500000.0,227757.2,16.0,1538687.2,1310930.0,227757.2,0.15183813333333335,0.8519795316422988,0.1480204683577013,96167.95,0.15183813333333335
634,South,Private,C001700,Zainab Panjwani Memorial Hospital,45 Days,1800000.0,55106.81,15.0,631415.98,528312.17,103103.81,0.030614894444444443,0.8367101668855452,0.1632898331144549,42094.39866666667,0.030614894444444443
